"","word","same","ambiguity_type","version","Class","mean_relatedness","median_relatedness","diff","count","sd_relatedness","distance_bert","distance_elmo","se_relatedness"
"1","act",FALSE,"Polysemy","M1_a_M2_a","N",2.18181818181818,2,0.181818181818182,11,1.32801971507819,0.204110264778137,0.0340934991836548,0.400413009919004
"2","act",FALSE,"Polysemy","M1_a_M2_b","N",2,2,0,7,1.29099444873581,0.215615510940552,0.045926570892334,0.487950036474267
"3","act",FALSE,"Polysemy","M1_b_M2_a","N",2.81818181818182,3,0.181818181818182,11,0.981649817214043,0.191488087177277,0.0423509478569031,0.295978556292722
"4","act",FALSE,"Polysemy","M1_b_M2_b","N",2.80952380952381,3,0.190476190476191,21,0.928388260322567,0.225271582603455,0.0577072501182556,0.202590927487454
"5","act",TRUE,"Polysemy","M1_a_M1_b","N",3.9,4,0.1,10,0.316227766016838,0.16798996925354,0.0414403080940247,0.1
"6","act",TRUE,"Polysemy","M2_a_M2_b","N",3.76470588235294,4,0.235294117647059,17,0.437237316097603,0.162387192249298,0.0357840657234192,0.106045625748941
"7","appeal",FALSE,"Polysemy","M1_a_M2_a","N",1.57142857142857,1,0.571428571428571,14,1.74154156796989,0.370739161968231,0.108166337013245,0.465446562297744
"8","appeal",FALSE,"Polysemy","M1_a_M2_b","N",1,0,1,18,1.32842232831014,0.430851221084595,0.150558531284332,0.313112145542575
"9","appeal",FALSE,"Polysemy","M1_b_M2_a","N",1.23529411764706,1,0.235294117647059,17,1.20049009599756,0.398581862449646,0.132642149925232,0.291161615782696
"10","appeal",FALSE,"Polysemy","M1_b_M2_b","N",0.714285714285714,0,0.714285714285714,7,1.25356634105602,0.446123600006104,0.182452857494354,0.473803541479343
"11","appeal",TRUE,"Polysemy","M1_a_M1_b","N",3.7,4,0.3,10,0.483045891539648,0.120313465595245,0.0453556776046753,0.152752523165195
"12","appeal",TRUE,"Polysemy","M2_a_M2_b","N",3.27272727272727,4,0.727272727272727,11,0.904534033733291,0.0989013910293579,0.0606723427772522,0.272727272727273
"13","atmosphere",FALSE,"Polysemy","M1_a_M2_a","N",1.21428571428571,1,0.214285714285714,14,1.05090228108783,0.352736830711365,0.102721154689789,0.280865448772133
"14","atmosphere",FALSE,"Polysemy","M1_a_M2_b","N",1.84615384615385,2,0.153846153846154,13,1.2810252304407,0.256296634674072,0.0681930780410767,0.355292473347462
"15","atmosphere",FALSE,"Polysemy","M1_b_M2_a","N",1.53846153846154,2,0.461538461538461,13,0.877058019307029,0.252422630786896,0.0929678082466125,0.24325212770526
"16","atmosphere",FALSE,"Polysemy","M1_b_M2_b","N",2.18181818181818,2,0.181818181818182,11,0.873862897505303,0.126936376094818,0.0523451566696167,0.263479577203444
"17","atmosphere",TRUE,"Polysemy","M1_a_M1_b","N",4,4,0,11,0,0.129758179187775,0.0372543931007385,0
"18","atmosphere",TRUE,"Polysemy","M2_a_M2_b","N",3.46666666666667,4,0.533333333333333,15,0.639940473422184,0.199588358402252,0.0378740429878235,0.165231919741881
"19","bail",FALSE,"Homonymy","M1_a_M2_a","V",0.894736842105263,1,0.105263157894737,19,1.10023920844036,0.294229745864868,0.0795347690582275,0.252412185437511
"20","bail",FALSE,"Homonymy","M1_a_M2_b","V",0.666666666666667,1,0.333333333333333,9,0.707106781186548,0.287322103977203,0.0996406674385071,0.235702260395516
"21","bail",FALSE,"Homonymy","M1_b_M2_a","V",0.75,0.5,0.25,8,0.886405260427918,0.443184912204742,0.110985636711121,0.313391585264004
"22","bail",FALSE,"Homonymy","M1_b_M2_b","V",0.764705882352941,1,0.235294117647059,17,0.752446988556825,0.429266929626465,0.120074808597565,0.182495200676336
"23","bail",TRUE,"Homonymy","M1_a_M1_b","V",3.08333333333333,4,0.916666666666667,12,1.37895436890245,0.1409952044487,0.0843836665153503,0.39806983804302
"24","bail",TRUE,"Homonymy","M2_a_M2_b","V",3.08333333333333,3.5,0.416666666666667,12,1.08362466945083,0.126403391361237,0.0652803182601929,0.312815497303979
"25","band",FALSE,"Homonymy","M1_a_M2_a","N",0.2,0,0.2,10,0.421637021355784,0.449524700641632,0.0734612345695496,0.133333333333333
"26","band",FALSE,"Homonymy","M1_a_M2_b","N",0.384615384615385,0,0.384615384615385,13,0.506369683541833,0.455853581428528,0.0762607455253601,0.140441681411581
"27","band",FALSE,"Homonymy","M1_b_M2_a","N",0.333333333333333,0,0.333333333333333,12,0.65133894727893,0.482806384563446,0.0804412961006165,0.188025358272589
"28","band",FALSE,"Homonymy","M1_b_M2_b","N",0.1,0,0.1,10,0.316227766016838,0.484228253364563,0.0899596810340881,0.1
"29","band",TRUE,"Homonymy","M1_a_M1_b","N",2.52631578947368,3,0.473684210526316,19,1.21876171459357,0.250876188278198,0.0453727841377258,0.279603113166829
"30","band",TRUE,"Homonymy","M2_a_M2_b","N",4,4,0,13,0,0.0912631154060364,0.0344263911247253,0
"31","bank",FALSE,"Homonymy","M1_a_M2_a","V",1,1,0,17,1.06066017177982,0.323924422264099,0.132879495620728,0.257247877713763
"32","bank",FALSE,"Homonymy","M1_a_M2_b","V",0.733333333333333,1,0.266666666666667,15,0.703731550548997,0.273554801940918,0.136303424835205,0.181702705031799
"33","bank",FALSE,"Homonymy","M1_b_M2_a","V",0.6,1,0.4,10,0.516397779494322,0.35097074508667,0.146282851696014,0.163299316185545
"34","bank",FALSE,"Homonymy","M1_b_M2_b","V",1.375,1.5,0.125,8,1.30247018062932,0.298910558223724,0.146447777748108,0.46049274850813
"35","bank",TRUE,"Homonymy","M1_a_M1_b","V",3.33333333333333,3.5,0.166666666666667,12,0.778498944161523,0.0526915788650513,0.0308663845062256,0.224733287487747
"36","bank",TRUE,"Homonymy","M2_a_M2_b","V",3.53333333333333,4,0.466666666666667,15,0.833809387832792,0.0712978839874268,0.0150703191757202,0.215288658199187
"37","barrier",FALSE,"Polysemy","M1_a_M2_a","N",1.33333333333333,1,0.333333333333333,12,1.15470053837925,0.270082294940948,0.0920945405960083,0.333333333333333
"38","barrier",FALSE,"Polysemy","M1_a_M2_b","N",1.26666666666667,2,0.733333333333333,15,1.03279555898864,0.224227011203766,0.0763180255889893,0.266666666666667
"39","barrier",FALSE,"Polysemy","M1_b_M2_a","N",1.69230769230769,2,0.307692307692308,13,1.25064086135971,0.247155785560608,0.0792180895805359,0.346865365601761
"40","barrier",FALSE,"Polysemy","M1_b_M2_b","N",1.72727272727273,2,0.272727272727273,11,1.34839972492648,0.197422087192535,0.0605120658874512,0.406557814090871
"41","barrier",TRUE,"Polysemy","M1_a_M1_b","N",2.92307692307692,3,0.0769230769230771,13,1.32045058354705,0.115603029727936,0.0638311505317688,0.366227098899633
"42","barrier",TRUE,"Polysemy","M2_a_M2_b","N",3.53846153846154,4,0.461538461538462,13,0.776250025806185,0.136045515537262,0.0560874938964844,0.215293020817265
"43","bat",FALSE,"Homonymy","M1_a_M2_a","N",0,0,0,10,0,0.141212999820709,0.0374698638916016,0
"44","bat",FALSE,"Homonymy","M1_a_M2_b","N",0.5,0,0.5,14,0.85485041426511,0.220161020755768,0.0485646724700928,0.228468383365844
"45","bat",FALSE,"Homonymy","M1_b_M2_a","N",0.2,0,0.2,10,0.632455532033676,0.199045181274414,0.0499076843261719,0.2
"46","bat",FALSE,"Homonymy","M1_b_M2_b","N",0.0833333333333333,0,0.0833333333333333,12,0.288675134594813,0.269888877868652,0.0643927454948425,0.0833333333333333
"47","bat",TRUE,"Homonymy","M1_a_M1_b","N",3.55,4,0.45,20,0.998683343734455,0.117426872253418,0.0309324860572815,0.223312384458703
"48","bat",TRUE,"Homonymy","M2_a_M2_b","N",3.54545454545455,4,0.454545454545455,11,1.21355975243384,0.0982024669647217,0.0459401607513428,0.365902032681784
"49","beam",FALSE,"Polysemy","M1_a_M2_a","N",1.14285714285714,1,0.142857142857143,14,0.949262293098647,0.312720000743866,0.0511524677276611,0.25370101935418
"50","beam",FALSE,"Polysemy","M1_a_M2_b","N",0.833333333333333,1,0.166666666666667,12,0.937436866561092,0.334815323352814,0.102861106395721,0.270614713628663
"51","beam",FALSE,"Polysemy","M1_b_M2_a","N",0.555555555555556,0,0.555555555555556,9,1.33333333333333,0.237403273582458,0.0736080408096313,0.444444444444444
"52","beam",FALSE,"Polysemy","M1_b_M2_b","N",0.363636363636364,0,0.363636363636364,11,0.674199862463242,0.323186874389648,0.126451134681702,0.203278907045435
"53","beam",TRUE,"Polysemy","M1_a_M1_b","N",3.54545454545455,4,0.454545454545455,11,0.687551650952329,0.14106673002243,0.0630598068237305,0.207304622745298
"54","beam",TRUE,"Polysemy","M2_a_M2_b","N",2.6,3,0.4,20,1.18765580695312,0.259652674198151,0.0944168567657471,0.265567911821955
"55","block",FALSE,"Polysemy","M1_a_M2_a","N",0.538461538461538,0,0.538461538461538,13,0.967417922046845,0.344962477684021,0.126269340515137,0.268313455595594
"56","block",FALSE,"Polysemy","M1_a_M2_b","N",0.133333333333333,0,0.133333333333333,15,0.516397779494322,0.749923139810562,0.0892778635025024,0.133333333333333
"57","block",FALSE,"Polysemy","M1_b_M2_a","N",1,1,0,13,1.22474487139159,0.424544751644135,0.171375155448914,0.339683110243379
"58","block",FALSE,"Polysemy","M1_b_M2_b","N",0.2,0,0.2,10,0.421637021355784,0.747714102268219,0.135741949081421,0.133333333333333
"59","block",TRUE,"Polysemy","M1_a_M1_b","N",3.8,4,0.2,15,0.414039335605413,0.149741768836975,0.0777758359909058,0.10690449676497
"60","block",TRUE,"Polysemy","M2_a_M2_b","N",3.18181818181818,3,0.181818181818182,11,0.981649817214043,0.681398749351501,0.116603910923004,0.295978556292722
"61","blood",FALSE,"Polysemy","M1_a_M2_a","N",1.6,2,0.4,15,0.985610760609162,0.421955585479736,0.150418937206268,0.254483604112141
"62","blood",FALSE,"Polysemy","M1_a_M2_b","N",2.5,2.5,0,8,0.925820099772551,0.407098174095154,0.148918032646179,0.327326835353989
"63","blood",FALSE,"Polysemy","M1_b_M2_a","N",2.22222222222222,2,0.222222222222222,9,1.64147630029935,0.315900444984436,0.0758376717567444,0.54715876676645
"64","blood",FALSE,"Polysemy","M1_b_M2_b","N",2.21428571428571,2,0.214285714285714,14,1.1217137594956,0.343109667301178,0.0865593552589417,0.299790612433049
"65","blood",TRUE,"Polysemy","M1_a_M1_b","N",3.63157894736842,4,0.368421052631579,19,0.955133865881839,0.238283216953278,0.115974247455597,0.219122736785909
"66","blood",TRUE,"Polysemy","M2_a_M2_b","N",3.58333333333333,4,0.416666666666667,12,0.792961461098759,0.0785080194473267,0.0459445118904114,0.228908256511184
"67","board",FALSE,"Polysemy","M1_a_M2_a","N",0.0666666666666667,0,0.0666666666666667,15,0.258198889747161,0.376005470752716,0.122809231281281,0.0666666666666667
"68","board",FALSE,"Polysemy","M1_a_M2_b","N",0.416666666666667,0,0.416666666666667,12,0.996204919895622,0.306866347789764,0.126246154308319,0.287579589334883
"69","board",FALSE,"Polysemy","M1_b_M2_a","N",0.25,0,0.25,12,0.452267016866645,0.420134365558624,0.104166150093079,0.130558241966773
"70","board",FALSE,"Polysemy","M1_b_M2_b","N",0.6,0,0.6,15,0.736788397613007,0.322381913661957,0.120457470417023,0.190237946242268
"71","board",TRUE,"Polysemy","M1_a_M1_b","N",2.625,2.5,0.125,8,1.30247018062932,0.181042790412903,0.0749280452728271,0.46049274850813
"72","board",TRUE,"Polysemy","M2_a_M2_b","N",3.66666666666667,4,0.333333333333333,15,0.617213399848368,0.236396193504333,0.0671437382698059,0.159363814577919
"73","book",FALSE,"Polysemy","M1_a_M2_a","N",3.69230769230769,4,0.307692307692307,13,1.10940039245046,0.570299804210663,0.0853801369667053,0.307692307692308
"74","book",FALSE,"Polysemy","M1_a_M2_b","N",3.35714285714286,4,0.642857142857143,14,1.08181776206978,0.269021332263947,0.0702685713768005,0.289127958613689
"75","book",FALSE,"Polysemy","M1_b_M2_a","N",4,4,0,11,0,0.216969311237335,0.0913689732551575,0
"76","book",FALSE,"Polysemy","M1_b_M2_b","N",3.81818181818182,4,0.181818181818182,11,0.603022689155527,0.615868210792542,0.103061437606812,0.181818181818182
"77","book",TRUE,"Polysemy","M1_a_M1_b","N",4,4,0,12,0,0.498813986778259,0.0446451902389526,0
"78","book",TRUE,"Polysemy","M2_a_M2_b","N",3.75,4,0.25,16,0.683130051063973,0.516257911920547,0.0955309271812439,0.170782512765993
"79","break",FALSE,"Polysemy","M1_a_M2_a","V",1.73333333333333,2,0.266666666666667,15,1.03279555898864,0.357050597667694,0.126903533935547,0.266666666666667
"80","break",FALSE,"Polysemy","M1_a_M2_b","V",2.35714285714286,3,0.642857142857143,14,1.00820807201863,0.405449092388153,0.115515828132629,0.269454941433829
"81","break",FALSE,"Polysemy","M1_b_M2_a","V",2.3,2.5,0.2,10,1.33749350984926,0.427916944026947,0.191336214542389,0.422952584681651
"82","break",FALSE,"Polysemy","M1_b_M2_b","V",2.3,3,0.7,10,1.33749350984926,0.477100193500519,0.155141353607178,0.422952584681651
"83","break",TRUE,"Polysemy","M1_a_M1_b","V",4,4,0,15,0,0.132749021053314,0.0967109203338623,0
"84","break",TRUE,"Polysemy","M2_a_M2_b","V",3.69230769230769,4,0.307692307692307,13,0.480384461415261,0.337421059608459,0.0823621153831482,0.133234677505298
"85","breakfast",FALSE,"Polysemy","M1_a_M2_a","N",3.78571428571429,4,0.214285714285714,14,0.578934223521839,0.0672327280044556,0.0185070633888245,0.154726679564052
"86","breakfast",FALSE,"Polysemy","M1_a_M2_b","N",3.94117647058824,4,0.0588235294117645,17,0.242535625036333,0.121421158313751,0.0469439029693604,0.0588235294117647
"87","breakfast",FALSE,"Polysemy","M1_b_M2_a","N",3.66666666666667,4,0.333333333333333,12,1.15470053837925,0.095981240272522,0.0476270914077759,0.333333333333333
"88","breakfast",FALSE,"Polysemy","M1_b_M2_b","N",3.33333333333333,4,0.666666666666667,9,1.11803398874989,0.0551515221595764,0.0464464426040649,0.372677996249965
"89","breakfast",TRUE,"Polysemy","M1_a_M1_b","N",4,4,0,5,0,0.0927286744117737,0.0549144148826599,0
"90","breakfast",TRUE,"Polysemy","M2_a_M2_b","N",3.8,4,0.2,20,0.615587011251092,0.0903446078300476,0.0331187844276428,0.137649440322337
"91","call",FALSE,"Polysemy","M1_a_M2_a","V",1.22222222222222,1,0.222222222222222,9,0.833333333333333,0.267129361629486,0.121238768100739,0.277777777777778
"92","call",FALSE,"Polysemy","M1_a_M2_b","V",1.3,1,0.3,10,1.41813649241218,0.379179537296295,0.130107820034027,0.448454134902457
"93","call",FALSE,"Polysemy","M1_b_M2_a","V",1.35714285714286,1.5,0.142857142857143,14,1.08181776206978,0.341154634952545,0.263126611709595,0.289127958613689
"94","call",FALSE,"Polysemy","M1_b_M2_b","V",1,1,0,16,1.03279555898864,0.464733362197876,0.304124057292938,0.258198889747161
"95","call",TRUE,"Polysemy","M1_a_M1_b","V",3.86666666666667,4,0.133333333333333,15,0.351865775274498,0.191510438919067,0.170996844768524,0.0908513525158996
"96","call",TRUE,"Polysemy","M2_a_M2_b","V",3.07692307692308,3,0.0769230769230771,13,1.03774904332554,0.148041427135468,0.068140983581543,0.287819798982611
"97","cape",FALSE,"Homonymy","M1_a_M2_a","N",0.0909090909090909,0,0.0909090909090909,11,0.301511344577764,0.281921923160553,0.0804811120033264,0.0909090909090909
"98","cape",FALSE,"Homonymy","M1_a_M2_b","N",0.181818181818182,0,0.181818181818182,11,0.404519917477945,0.380894958972931,0.0734022259712219,0.121967344227261
"99","cape",FALSE,"Homonymy","M1_b_M2_a","N",1,1,0,11,1.26491106406735,0.272568762302399,0.0720895528793335,0.381385035698237
"100","cape",FALSE,"Homonymy","M1_b_M2_b","N",0.428571428571429,0,0.428571428571429,14,0.937614461876991,0.364672005176544,0.0819947719573975,0.250588005516294
"101","cape",TRUE,"Homonymy","M1_a_M1_b","N",3.26666666666667,4,0.733333333333333,15,1.22279928657082,0.0816636681556702,0.0659490823745728,0.315725418176205
"102","cape",TRUE,"Homonymy","M2_a_M2_b","N",2.86666666666667,3,0.133333333333333,15,1.24594580635795,0.0926993489265442,0.0547654032707214,0.321701823886753
"103","case",FALSE,"Homonymy","M1_a_M2_a","N",0.166666666666667,0,0.166666666666667,18,0.514495755427527,0.457212150096893,0.069611668586731,0.121267812518167
"104","case",FALSE,"Homonymy","M1_a_M2_b","N",0.4,0,0.4,10,0.699205898780101,0.469730913639069,0.0937888622283936,0.221108319357027
"105","case",FALSE,"Homonymy","M1_b_M2_a","N",0.25,0,0.25,12,0.452267016866645,0.49239856004715,0.092166006565094,0.130558241966773
"106","case",FALSE,"Homonymy","M1_b_M2_b","N",0.363636363636364,0,0.363636363636364,11,0.504524979109513,0.47133207321167,0.0913404822349548,0.152120004824377
"107","case",TRUE,"Homonymy","M1_a_M1_b","N",1.75,2,0.25,12,1.05528970602217,0.209219634532928,0.0539498925209045,0.304635897922471
"108","case",TRUE,"Homonymy","M2_a_M2_b","N",3.92857142857143,4,0.0714285714285716,14,0.267261241912424,0.138578295707703,0.0658583045005798,0.0714285714285714
"109","cast",FALSE,"Polysemy","M1_a_M2_a","V",0.909090909090909,1,0.0909090909090909,11,1.22102788293679,0.222672522068024,0.137296617031097,0.368153758751211
"110","cast",FALSE,"Polysemy","M1_a_M2_b","V",1.14285714285714,1,0.142857142857143,14,1.23145585242976,0.19487726688385,0.141344130039215,0.329120420480702
"111","cast",FALSE,"Polysemy","M1_b_M2_a","V",1.46153846153846,1,0.461538461538461,13,1.39136531360295,0.262479603290558,0.146176755428314,0.385895306238267
"112","cast",FALSE,"Polysemy","M1_b_M2_b","V",0.941176470588235,1,0.0588235294117647,17,1.02899151085505,0.268744170665741,0.148141026496887,0.249567099242311
"113","cast",TRUE,"Polysemy","M1_a_M1_b","V",3.28571428571429,4,0.714285714285714,7,0.951189731211342,0.152373969554901,0.0581774711608887,0.359515925489083
"114","cast",TRUE,"Polysemy","M2_a_M2_b","V",3.2,3,0.2,15,0.94112394811432,0.166104376316071,0.0544683337211609,0.242997158517582
"115","cause",FALSE,"Polysemy","M1_a_M2_a","N",2.27272727272727,2,0.272727272727273,11,1.1037127426019,0.331558167934418,0.123266875743866,0.332781913049511
"116","cause",FALSE,"Polysemy","M1_a_M2_b","N",2.35294117647059,2,0.352941176470588,17,1.27186754767292,0.408631563186646,0.122281789779663,0.30847319063828
"117","cause",FALSE,"Polysemy","M1_b_M2_a","N",2.5,2.5,0,12,1.08711461300922,0.297854483127594,0.101985812187195,0.313822957230424
"118","cause",FALSE,"Polysemy","M1_b_M2_b","N",2.07142857142857,2,0.0714285714285716,14,1.38476800135706,0.401752173900604,0.0956404805183411,0.370094815803273
"119","cause",TRUE,"Polysemy","M1_a_M1_b","N",3.46153846153846,4,0.538461538461538,13,0.877058019307029,0.155668616294861,0.0816024541854858,0.24325212770526
"120","cause",TRUE,"Polysemy","M2_a_M2_b","N",4,4,0,10,0,0.0639947056770325,0.0179450511932373,0
"121","cell",FALSE,"Polysemy","M1_a_M2_a","N",0.2,0,0.2,10,0.421637021355784,0.37092649936676,0.160095870494843,0.133333333333333
"122","cell",FALSE,"Polysemy","M1_a_M2_b","N",0.428571428571429,0,0.428571428571429,14,0.937614461876991,0.376195669174194,0.152398884296417,0.250588005516294
"123","cell",FALSE,"Polysemy","M1_b_M2_a","N",0.272727272727273,0,0.272727272727273,11,0.646669790682863,0.429600775241852,0.125241637229919,0.194978278086611
"124","cell",FALSE,"Polysemy","M1_b_M2_b","N",0.133333333333333,0,0.133333333333333,15,0.351865775274498,0.417385756969452,0.126474380493164,0.0908513525158996
"125","cell",TRUE,"Polysemy","M1_a_M1_b","N",3.94736842105263,4,0.0526315789473686,19,0.229415733870562,0.169089794158936,0.0584195852279663,0.0526315789473684
"126","cell",TRUE,"Polysemy","M2_a_M2_b","N",4,4,0,8,0,0.0358718037605286,0.0071600079536438,0
"127","charm",FALSE,"Polysemy","M1_a_M2_a","N",1,1,0,10,0.942809041582063,0.240996658802032,0.110680997371674,0.298142396999972
"128","charm",FALSE,"Polysemy","M1_a_M2_b","N",0.727272727272727,0,0.727272727272727,11,0.904534033733291,0.661765426397324,0.0366207957267761,0.272727272727273
"129","charm",FALSE,"Polysemy","M1_b_M2_a","N",0.588235294117647,0,0.588235294117647,17,0.712287119900726,0.244825065135956,0.154701471328735,0.172755001830452
"130","charm",FALSE,"Polysemy","M1_b_M2_b","N",1.28571428571429,1,0.285714285714286,14,1.38278266986823,0.672413885593414,0.0989406108856201,0.369564213643961
"131","charm",TRUE,"Polysemy","M1_a_M1_b","N",3.84615384615385,4,0.153846153846154,13,0.554700196225229,0.062950611114502,0.0579395890235901,0.153846153846154
"132","charm",TRUE,"Polysemy","M2_a_M2_b","N",3.16666666666667,3.5,0.333333333333333,12,1.11464085804543,0.61665216088295,0.0794291496276855,0.321769099721141
"133","check",FALSE,"Polysemy","M1_a_M2_a","V",3.1,3.5,0.4,10,1.10050493461461,0.196067929267883,0.11167848110199,0.348010216963685
"134","check",FALSE,"Polysemy","M1_a_M2_b","V",2.85714285714286,3,0.142857142857143,14,1.29241234531773,0.241429209709167,0.13753068447113,0.345411728472565
"135","check",FALSE,"Polysemy","M1_b_M2_a","V",2.68421052631579,3,0.315789473684211,19,1.29325736799874,0.182829201221466,0.125203132629395,0.296693588162943
"136","check",FALSE,"Polysemy","M1_b_M2_b","V",3.14285714285714,3,0.142857142857143,14,0.949262293098647,0.267269194126129,0.137405216693878,0.25370101935418
"137","check",TRUE,"Polysemy","M1_a_M1_b","V",3.66666666666667,4,0.333333333333333,15,0.487950036474267,0.11729371547699,0.0957385897636414,0.125988157669742
"138","check",TRUE,"Polysemy","M2_a_M2_b","V",3.6,4,0.4,5,0.894427190999916,0.124973058700562,0.0640442967414856,0.4
"139","chicken",FALSE,"Polysemy","M1_a_M2_a","N",3,3,0,20,0.858395075278952,0.0796012878417969,0.0773327946662903,0.191942973987479
"140","chicken",FALSE,"Polysemy","M1_a_M2_b","N",2.88888888888889,3,0.111111111111111,9,1.45296631451356,0.157398223876953,0.0744585990905762,0.484322104837853
"141","chicken",FALSE,"Polysemy","M1_b_M2_a","N",3.55555555555556,4,0.444444444444445,9,0.52704627669473,0.150800704956055,0.0931668281555176,0.175682092231577
"142","chicken",FALSE,"Polysemy","M1_b_M2_b","N",3.57142857142857,4,0.428571428571428,7,0.534522483824849,0.202583611011505,0.074374794960022,0.202030508910442
"143","chicken",TRUE,"Polysemy","M1_a_M1_b","N",4,4,0,16,0,0.0946241021156311,0.0293185710906982,0
"144","chicken",TRUE,"Polysemy","M2_a_M2_b","N",3.5625,4,0.4375,16,1.09354164682162,0.139735519886017,0.0602250099182129,0.273385411705404
"145","class",FALSE,"Polysemy","M1_a_M2_a","N",3.54545454545455,4,0.454545454545455,11,0.820199532264724,0.0920527577400208,0.0994699001312256,0.24729946379519
"146","class",FALSE,"Polysemy","M1_a_M2_b","N",3.58333333333333,4,0.416666666666667,12,0.90033663737852,0.0789469480514526,0.0726117491722107,0.259904799975886
"147","class",FALSE,"Polysemy","M1_b_M2_a","N",2.9375,3,0.0625,16,1.06262254195301,0.148044109344482,0.0442910194396973,0.265655635488251
"148","class",FALSE,"Polysemy","M1_b_M2_b","N",2.8,3,0.2,15,1.37321312465119,0.133084118366241,0.0851737260818481,0.354562104171167
"149","class",TRUE,"Polysemy","M1_a_M1_b","N",2.54545454545455,3,0.454545454545455,11,1.50755672288882,0.0614550709724426,0.0954608917236328,0.454545454545455
"150","class",TRUE,"Polysemy","M2_a_M2_b","N",3.83333333333333,4,0.166666666666667,12,0.577350269189626,0.053896427154541,0.0632098913192749,0.166666666666667
"151","clear",FALSE,"Polysemy","M1_a_M2_a","V",3.33333333333333,4,0.666666666666667,6,1.211060141639,0.282314956188202,0.0938752889633179,0.494413232473044
"152","clear",FALSE,"Polysemy","M1_a_M2_b","V",2.83333333333333,2.5,0.333333333333333,12,0.937436866561092,0.373953938484192,0.106257438659668,0.270614713628663
"153","clear",FALSE,"Polysemy","M1_b_M2_a","V",3.46666666666667,4,0.533333333333333,15,0.833809387832792,0.193765878677368,0.118124425411224,0.215288658199187
"154","clear",FALSE,"Polysemy","M1_b_M2_b","V",2.90909090909091,2,0.909090909090909,11,1.04446593573419,0.317057013511658,0.125001668930054,0.314918328648887
"155","clear",TRUE,"Polysemy","M1_a_M1_b","V",3.95652173913043,4,0.0434782608695654,23,0.208514414057075,0.131476938724518,0.108689188957214,0.0434782608695652
"156","clear",TRUE,"Polysemy","M2_a_M2_b","V",3.9,4,0.1,10,0.316227766016838,0.101772844791412,0.0454952716827393,0.1
"157","clip",FALSE,"Homonymy","M1_a_M2_a","N",0.7,0,0.7,20,1.08093526754916,0.351907312870026,0.0644456148147583,0.241704473751685
"158","clip",FALSE,"Homonymy","M1_a_M2_b","N",0.555555555555556,0,0.555555555555556,9,0.726483157256779,0.333222985267639,0.0979663729667664,0.242161052418926
"159","clip",FALSE,"Homonymy","M1_b_M2_a","N",0.4,0,0.4,15,0.632455532033676,0.406234622001648,0.0763593316078186,0.163299316185545
"160","clip",FALSE,"Homonymy","M1_b_M2_b","N",0.222222222222222,0,0.222222222222222,9,0.666666666666667,0.380484819412231,0.101653277873993,0.222222222222222
"161","clip",TRUE,"Homonymy","M1_a_M1_b","N",4,4,0,10,0,0.0716745257377625,0.0360034108161926,0
"162","clip",TRUE,"Homonymy","M2_a_M2_b","N",2.71428571428571,3,0.285714285714286,14,1.20438758319299,0.208770513534546,0.0678530335426331,0.321886121228062
"163","clog",FALSE,"Polysemy","M1_a_M2_a","V",0.3,0,0.3,10,0.483045891539648,0.173205554485321,0.0967703461647034,0.152752523165195
"164","clog",FALSE,"Polysemy","M1_a_M2_b","V",0.142857142857143,0,0.142857142857143,7,0.377964473009227,0.235879421234131,0.0812416076660156,0.142857142857143
"165","clog",FALSE,"Polysemy","M1_b_M2_a","V",0.285714285714286,0,0.285714285714286,14,0.468807230938495,0.2073575258255,0.126630961894989,0.125294002758147
"166","clog",FALSE,"Polysemy","M1_b_M2_b","V",0.461538461538462,0,0.461538461538462,13,0.518874521662771,0.240847110748291,0.111360728740692,0.143909899491305
"167","clog",TRUE,"Polysemy","M1_a_M1_b","V",3.36842105263158,4,0.631578947368421,19,1.16478545071564,0.132097959518433,0.0258722901344299,0.267220108977681
"168","clog",TRUE,"Polysemy","M2_a_M2_b","V",4,4,0,14,0,0.13866925239563,0.0406469106674194,0
"169","cold",FALSE,"Polysemy","M1_a_M2_a","N",1.29411764705882,1,0.294117647058824,17,1.10480235123488,0.155836880207062,0.1101194024086,0.267953928798362
"170","cold",FALSE,"Polysemy","M1_a_M2_b","N",0.875,1,0.125,8,0.83452296039628,0.177187323570251,0.10017454624176,0.295048422176041
"171","cold",FALSE,"Polysemy","M1_b_M2_a","N",1.23076923076923,1,0.230769230769231,13,0.832050294337844,0.184639930725098,0.117933094501495,0.230769230769231
"172","cold",FALSE,"Polysemy","M1_b_M2_b","N",0.818181818181818,0,0.818181818181818,11,1.25045446283996,0.152515172958374,0.114774644374847,0.37702620642414
"173","cold",TRUE,"Polysemy","M1_a_M1_b","N",3.84210526315789,4,0.157894736842105,19,0.374634324632678,0.0573327541351318,0.0287469625473022,0.085947008518708
"174","cold",TRUE,"Polysemy","M2_a_M2_b","N",3.44444444444444,4,0.555555555555555,9,1.33333333333333,0.175595998764038,0.0928243398666382,0.444444444444444
"175","column",FALSE,"Polysemy","M1_a_M2_a","N",0.125,0,0.125,8,0.353553390593274,0.453143775463104,0.0908890962600708,0.125
"176","column",FALSE,"Polysemy","M1_a_M2_b","N",0.411764705882353,0,0.411764705882353,17,0.618346942400842,0.467917680740356,0.120329439640045,0.149971162164494
"177","column",FALSE,"Polysemy","M1_b_M2_a","N",0.111111111111111,0,0.111111111111111,9,0.333333333333333,0.427443981170654,0.0785562992095947,0.111111111111111
"178","column",FALSE,"Polysemy","M1_b_M2_b","N",0.555555555555556,0,0.555555555555556,18,0.855585263892997,0.444061756134033,0.109047770500183,0.201663380660673
"179","column",TRUE,"Polysemy","M1_a_M1_b","N",3.92857142857143,4,0.0714285714285716,14,0.267261241912424,0.105692744255066,0.0330315232276917,0.0714285714285714
"180","column",TRUE,"Polysemy","M2_a_M2_b","N",3.72727272727273,4,0.272727272727273,11,0.467099366496914,0.101493775844574,0.0336313247680664,0.140835758043906
"181","company",FALSE,"Polysemy","M1_a_M2_a","N",1,1,0,8,0.925820099772551,0.488830864429474,0.145881116390228,0.327326835353989
"182","company",FALSE,"Polysemy","M1_a_M2_b","N",0.733333333333333,1,0.266666666666667,15,0.79880863671798,0.481504261493683,0.141207337379456,0.206251503121026
"183","company",FALSE,"Polysemy","M1_b_M2_a","N",0.615384615384615,0,0.615384615384615,13,1.04390784542678,0.468193709850311,0.212740540504456,0.289527943349647
"184","company",FALSE,"Polysemy","M1_b_M2_b","N",0.3125,0,0.3125,16,0.602079728939615,0.461689591407776,0.205292463302612,0.150519932234904
"185","company",TRUE,"Polysemy","M1_a_M1_b","N",3.5,4,0.5,8,0.755928946018454,0.169793963432312,0.102344512939453,0.267261241912424
"186","company",TRUE,"Polysemy","M2_a_M2_b","N",3.76470588235294,4,0.235294117647059,17,0.970142500145332,0.0575597286224365,0.0496812462806702,0.235294117647059
"187","cone",FALSE,"Polysemy","M1_a_M2_a","N",1.78571428571429,2,0.214285714285714,14,1.3114039117603,0.178199052810669,0.0509082674980164,0.350487438105869
"188","cone",FALSE,"Polysemy","M1_a_M2_b","N",1.13333333333333,0,1.13333333333333,15,1.35576371027375,0.320831298828125,0.0693222284317017,0.350056684752173
"189","cone",FALSE,"Polysemy","M1_b_M2_a","N",1.46666666666667,0,1.46666666666667,15,1.80739222823013,0.162242949008942,0.041739284992218,0.466666666666667
"190","cone",FALSE,"Polysemy","M1_b_M2_b","N",1.66666666666667,2,0.333333333333333,9,0.707106781186548,0.252052664756775,0.0657181143760681,0.235702260395516
"191","cone",TRUE,"Polysemy","M1_a_M1_b","N",4,4,0,7,0,0.150759398937225,0.0400550961494446,0
"192","cone",TRUE,"Polysemy","M2_a_M2_b","N",3.64705882352941,4,0.352941176470588,17,0.606339062590832,0.228395164012909,0.0677495002746582,0.147058823529412
"193","contribution",FALSE,"Polysemy","M1_a_M2_a","N",3.375,4,0.625,8,1.06066017177982,0.306300401687622,0.104732632637024,0.375
"194","contribution",FALSE,"Polysemy","M1_a_M2_b","N",1.9375,2,0.0625,16,1.34008706184835,0.538500785827637,0.0675706267356873,0.335021765462087
"195","contribution",FALSE,"Polysemy","M1_b_M2_a","N",3.41176470588235,4,0.588235294117647,17,0.795206225564457,0.311554074287415,0.110101699829102,0.192865838950059
"196","contribution",FALSE,"Polysemy","M1_b_M2_b","N",2.85714285714286,3,0.142857142857143,7,0.899735410842437,0.539172410964966,0.0473889708518982,0.340068020406802
"197","contribution",TRUE,"Polysemy","M1_a_M1_b","N",3.875,4,0.125,16,0.341565025531987,0.106847584247589,0.0399629473686218,0.0853912563829966
"198","contribution",TRUE,"Polysemy","M2_a_M2_b","N",3.07692307692308,3,0.0769230769230771,13,1.11516355015296,0.501315742731094,0.0592901110649109,0.309290720046534
"199","count",FALSE,"Homonymy","M1_a_M2_a","N",0.142857142857143,0,0.142857142857143,7,0.377964473009227,0.505488276481628,0.101866722106934,0.142857142857143
"200","count",FALSE,"Homonymy","M1_a_M2_b","N",0.375,0,0.375,16,0.718795288428261,0.410678088665009,0.0903471708297729,0.179698822107065
"201","count",FALSE,"Homonymy","M1_b_M2_a","N",0.75,1,0.25,12,0.866025403784439,0.376726567745209,0.141276061534882,0.25
"202","count",FALSE,"Homonymy","M1_b_M2_b","N",0.9375,1,0.0625,16,1.12361025271221,0.288782477378845,0.135300874710083,0.280902563178053
"203","count",TRUE,"Homonymy","M1_a_M1_b","N",3,3.5,0.5,14,1.30088727117598,0.235204935073853,0.0493026971817017,0.347676747682558
"204","count",TRUE,"Homonymy","M2_a_M2_b","N",3.41666666666667,4,0.583333333333333,12,0.792961461098759,0.172608733177185,0.0634328126907349,0.228908256511184
"205","course",FALSE,"Polysemy","M1_a_M2_a","N",1.25,0.5,0.75,12,1.42222616792382,0.352136492729187,0.0646592378616333,0.410561330449674
"206","course",FALSE,"Polysemy","M1_a_M2_b","N",1.375,1,0.375,16,1.36014705087354,0.476619899272919,0.0990864634513855,0.340036762718386
"207","course",FALSE,"Polysemy","M1_b_M2_a","N",0.7,0,0.7,20,0.864504725870618,0.654132902622223,0.0617004036903381,0.193309133391652
"208","course",FALSE,"Polysemy","M1_b_M2_b","N",1.11111111111111,0,1.11111111111111,9,1.53659074288215,0.667362004518509,0.0680873990058899,0.512196914294049
"209","course",TRUE,"Polysemy","M1_a_M1_b","N",3.90909090909091,4,0.0909090909090908,11,0.301511344577764,0.595319211483002,0.0534926652908325,0.0909090909090909
"210","course",TRUE,"Polysemy","M2_a_M2_b","N",2.22222222222222,3,0.777777777777778,9,1.56347191994114,0.284043669700623,0.0854019522666931,0.521157306647048
"211","cross",FALSE,"Polysemy","M1_a_M2_a","V",0.727272727272727,0,0.727272727272727,11,1.1037127426019,0.328189551830292,0.101659953594208,0.332781913049511
"212","cross",FALSE,"Polysemy","M1_a_M2_b","V",0.375,0,0.375,16,0.5,0.472258269786835,0.0978270769119263,0.125
"213","cross",FALSE,"Polysemy","M1_b_M2_a","V",0.882352941176471,0,0.882352941176471,17,1.0537049480984,0.324942767620087,0.104293823242188,0.255560988190923
"214","cross",FALSE,"Polysemy","M1_b_M2_b","V",0.642857142857143,0.5,0.142857142857143,14,0.744946343668492,0.429726541042328,0.0881908535957336,0.199095284966961
"215","cross",TRUE,"Polysemy","M1_a_M1_b","V",2.66666666666667,3,0.333333333333333,9,1.6583123951777,0.211528420448303,0.0806065201759338,0.552770798392567
"216","cross",TRUE,"Polysemy","M2_a_M2_b","V",3,4,1,10,1.33333333333333,0.156759023666382,0.0668784379959106,0.421637021355784
"217","date",FALSE,"Polysemy","M1_a_M2_a","N",1.25,1.5,0.25,8,1.16496474502144,0.350375831127167,0.09520423412323,0.411877235523957
"218","date",FALSE,"Polysemy","M1_a_M2_b","N",1.17647058823529,1,0.176470588235294,17,1.18507880105328,0.526906609535217,0.100363075733185,0.287423827730766
"219","date",FALSE,"Polysemy","M1_b_M2_a","N",0.230769230769231,0,0.230769230769231,13,0.599144689515278,0.402957260608673,0.0830286145210266,0.166172838420714
"220","date",FALSE,"Polysemy","M1_b_M2_b","N",0.75,0.5,0.25,8,0.886405260427918,0.538551449775696,0.0669218897819519,0.313391585264004
"221","date",TRUE,"Polysemy","M1_a_M1_b","N",3.88235294117647,4,0.117647058823529,17,0.332105582077536,0.233226001262665,0.0799170136451721,0.0805474349272303
"222","date",TRUE,"Polysemy","M2_a_M2_b","N",2.92857142857143,3,0.0714285714285716,14,1.26881445053645,0.42162823677063,0.0762933492660522,0.339104925806802
"223","degree",FALSE,"Polysemy","M1_a_M2_a","N",0.0714285714285714,0,0.0714285714285714,14,0.267261241912424,0.53008571267128,0.169271886348724,0.0714285714285714
"224","degree",FALSE,"Polysemy","M1_a_M2_b","N",0.166666666666667,0,0.166666666666667,12,0.577350269189626,0.548691093921661,0.175453066825867,0.166666666666667
"225","degree",FALSE,"Polysemy","M1_b_M2_a","N",0.0769230769230769,0,0.0769230769230769,13,0.277350098112615,0.527711361646652,0.182013809680939,0.0769230769230769
"226","degree",FALSE,"Polysemy","M1_b_M2_b","N",0,0,0,10,0,0.541428059339523,0.18954211473465,0
"227","degree",TRUE,"Polysemy","M1_a_M1_b","N",3.73684210526316,4,0.263157894736842,19,0.805681579172283,0.0129643082618713,0.00441378355026245,0.184836030751802
"228","degree",TRUE,"Polysemy","M2_a_M2_b","N",3.88888888888889,4,0.111111111111111,9,0.333333333333333,0.1079421043396,0.0380378365516663,0.111111111111111
"229","design",FALSE,"Polysemy","M1_a_M2_a","N",2.88888888888889,3,0.111111111111111,9,0.781735959970572,0.221979260444641,0.0971939563751221,0.260578653323524
"230","design",FALSE,"Polysemy","M1_a_M2_b","N",3.75,4,0.25,16,0.577350269189626,0.185480773448944,0.0620903968811035,0.144337567297406
"231","design",FALSE,"Polysemy","M1_b_M2_a","N",3.45454545454545,4,0.545454545454545,11,0.934198732993827,0.216541826725006,0.0902374386787415,0.281671516087812
"232","design",FALSE,"Polysemy","M1_b_M2_b","N",3.53846153846154,4,0.461538461538462,13,0.776250025806185,0.166111648082733,0.0483114719390869,0.215293020817265
"233","design",TRUE,"Polysemy","M1_a_M1_b","N",3.9,4,0.1,20,0.307793505625546,0.151654481887817,0.0399941205978394,0.0688247201611685
"234","design",TRUE,"Polysemy","M2_a_M2_b","N",3.5,4,0.5,8,0.925820099772551,0.144426941871643,0.0932031869888306,0.327326835353989
"235","dinner",FALSE,"Polysemy","M1_a_M2_a","N",3.75,4,0.25,12,0.621581560508061,0.122385680675507,0.0693691372871399,0.179435140641318
"236","dinner",FALSE,"Polysemy","M1_a_M2_b","N",3.73333333333333,4,0.266666666666667,15,0.593616839704664,0.0895065665245056,0.0398544073104858,0.153271208946963
"237","dinner",FALSE,"Polysemy","M1_b_M2_a","N",3.45454545454545,4,0.545454545454545,11,1.03572548135463,0.0753680467605591,0.0573222637176514,0.312282982496685
"238","dinner",FALSE,"Polysemy","M1_b_M2_b","N",3.84615384615385,4,0.153846153846154,13,0.554700196225229,0.12870866060257,0.0418469905853271,0.153846153846154
"239","dinner",TRUE,"Polysemy","M1_a_M1_b","N",3.84615384615385,4,0.153846153846154,13,0.375533808099405,0.0950410962104797,0.0346375703811646,0.104154338520974
"240","dinner",TRUE,"Polysemy","M2_a_M2_b","N",3.92307692307692,4,0.0769230769230771,13,0.277350098112615,0.0637549161911011,0.0547711849212646,0.0769230769230769
"241","drain",FALSE,"Polysemy","M1_a_M2_a","V",1.61538461538462,1,0.615384615384615,13,1.32529629004621,0.279023349285126,0.171304047107697,0.367571056072601
"242","drain",FALSE,"Polysemy","M1_a_M2_b","V",2.33333333333333,2,0.333333333333333,12,1.07308673997732,0.312390685081482,0.19430810213089,0.309773459094862
"243","drain",FALSE,"Polysemy","M1_b_M2_a","V",1.7,2,0.3,10,1.05934990547138,0.36032634973526,0.151669144630432,0.334995854037363
"244","drain",FALSE,"Polysemy","M1_b_M2_b","V",1.9375,2,0.0625,16,1.18145390656315,0.365361273288727,0.174552142620087,0.295363476640788
"245","drain",TRUE,"Polysemy","M1_a_M1_b","V",3.8,4,0.2,10,0.421637021355784,0.163004338741302,0.135794103145599,0.133333333333333
"246","drain",TRUE,"Polysemy","M2_a_M2_b","V",3.75,4,0.25,16,0.577350269189626,0.119492828845978,0.047318160533905,0.144337567297406
"247","draw",FALSE,"Polysemy","M1_a_M2_a","V",0.363636363636364,0,0.363636363636364,11,1.20604537831105,0.326175928115845,0.0777040123939514,0.363636363636364
"248","draw",FALSE,"Polysemy","M1_a_M2_b","V",0.461538461538462,0,0.461538461538462,13,0.967417922046845,0.411751091480255,0.14330005645752,0.268313455595594
"249","draw",FALSE,"Polysemy","M1_b_M2_a","V",0.6,0,0.6,10,1.26491106406735,0.268451571464539,0.0684899687767029,0.4
"250","draw",FALSE,"Polysemy","M1_b_M2_b","V",0.473684210526316,0,0.473684210526316,19,1.02026255077535,0.384750425815582,0.154065430164337,0.234064281826778
"251","draw",TRUE,"Polysemy","M1_a_M1_b","V",3.0625,3.5,0.4375,16,1.34008706184835,0.125957369804382,0.0495175123214722,0.335021765462087
"252","draw",TRUE,"Polysemy","M2_a_M2_b","V",4,4,0,8,0,0.222712755203247,0.100153684616089,0
"253","dream",FALSE,"Polysemy","M1_a_M2_a","N",2.5,2.5,0,12,1.56669890360128,0.103289008140564,0.0660809874534607,0.452267016866645
"254","dream",FALSE,"Polysemy","M1_a_M2_b","N",1.76470588235294,2,0.235294117647059,17,1.2514697241996,0.399492979049683,0.081509530544281,0.303525991772798
"255","dream",FALSE,"Polysemy","M1_b_M2_a","N",1.88888888888889,2,0.111111111111111,9,1.05409255338946,0.217616677284241,0.0900561213493347,0.351364184463153
"256","dream",FALSE,"Polysemy","M1_b_M2_b","N",1.77777777777778,2,0.222222222222222,9,0.666666666666667,0.470203101634979,0.0740928649902344,0.222222222222222
"257","dream",TRUE,"Polysemy","M1_a_M1_b","N",4,4,0,11,0,0.110929369926453,0.0693846344947815,0
"258","dream",TRUE,"Polysemy","M2_a_M2_b","N",3.42105263157895,4,0.578947368421053,19,0.692482608982125,0.354789078235626,0.0570701360702515,0.158866405932235
"259","drill",FALSE,"Homonymy","M1_a_M2_a","N",0.4,0,0.4,10,0.699205898780101,0.255461096763611,0.114933490753174,0.221108319357027
"260","drill",FALSE,"Homonymy","M1_a_M2_b","N",0.636363636363636,0,0.636363636363636,11,0.80903983495589,0.634080290794373,0.163684725761414,0.243934688454523
"261","drill",FALSE,"Homonymy","M1_b_M2_a","N",0.230769230769231,0,0.230769230769231,13,0.438529009653515,0.254882514476776,0.127792596817017,0.12162606385263
"262","drill",FALSE,"Homonymy","M1_b_M2_b","N",0.153846153846154,0,0.153846153846154,13,0.375533808099405,0.656190097332001,0.183580219745636,0.104154338520974
"263","drill",TRUE,"Homonymy","M1_a_M1_b","N",2.88888888888889,3.5,0.611111111111111,18,1.27827498141228,0.147376477718353,0.0466402769088745,0.301292302525911
"264","drill",TRUE,"Homonymy","M2_a_M2_b","N",4,4,0,12,0,0.561830163002014,0.0863902568817139,0
"265","examination",FALSE,"Polysemy","M1_a_M2_a","N",2,2,0,13,1.22474487139159,0.602444678544998,0.0816074013710022,0.339683110243379
"266","examination",FALSE,"Polysemy","M1_a_M2_b","N",3.125,3.5,0.375,8,0.991031208965115,0.578664779663086,0.0463950634002686,0.350382444113368
"267","examination",FALSE,"Polysemy","M1_b_M2_a","N",1.76470588235294,2,0.235294117647059,17,1.2514697241996,0.354614734649658,0.158068537712097,0.303525991772798
"268","examination",FALSE,"Polysemy","M1_b_M2_b","N",2.625,2.5,0.125,8,1.30247018062932,0.239612996578217,0.0698251724243164,0.46049274850813
"269","examination",TRUE,"Polysemy","M1_a_M1_b","N",3.52631578947368,4,0.473684210526316,19,0.84119102419206,0.610408216714859,0.0798524618148804,0.192982456140351
"270","examination",TRUE,"Polysemy","M2_a_M2_b","N",4,4,0,12,0,0.137051105499268,0.090358555316925,0
"271","fan",FALSE,"Homonymy","M1_a_M2_a","N",0.266666666666667,0,0.266666666666667,15,0.593616839704664,0.402846813201904,0.177222013473511,0.153271208946963
"272","fan",FALSE,"Homonymy","M1_a_M2_b","N",0,0,0,12,0,0.426824152469635,0.194414138793945,0
"273","fan",FALSE,"Homonymy","M1_b_M2_a","N",0.2,0,0.2,15,0.560611910581388,0.475281417369843,0.176194489002228,0.144749372891149
"274","fan",FALSE,"Homonymy","M1_b_M2_b","N",0.0714285714285714,0,0.0714285714285714,14,0.267261241912424,0.498543441295624,0.216449379920959,0.0714285714285714
"275","fan",TRUE,"Homonymy","M1_a_M1_b","N",3.9,4,0.1,10,0.316227766016838,0.0764926671981812,0.0806765556335449,0.1
"276","fan",TRUE,"Homonymy","M2_a_M2_b","N",3.27272727272727,4,0.727272727272727,11,1.61807966991178,0.106026470661163,0.0609338879585266,0.487869376909045
"277","file",FALSE,"Homonymy","M1_a_M2_a","N",0.214285714285714,0,0.214285714285714,14,0.578934223521839,0.278784513473511,0.0783886909484863,0.154726679564052
"278","file",FALSE,"Homonymy","M1_a_M2_b","N",0.384615384615385,0,0.384615384615385,13,0.650443635587991,0.317461907863617,0.0995032787322998,0.180400606147055
"279","file",FALSE,"Homonymy","M1_b_M2_a","N",0.0833333333333333,0,0.0833333333333333,12,0.288675134594813,0.318774163722992,0.0978232622146606,0.0833333333333333
"280","file",FALSE,"Homonymy","M1_b_M2_b","N",0.25,0,0.25,12,0.621581560508061,0.301388561725616,0.105181455612183,0.179435140641318
"281","file",TRUE,"Homonymy","M1_a_M1_b","N",3.6,4,0.4,10,0.516397779494322,0.118700325489044,0.0545437335968018,0.163299316185545
"282","file",TRUE,"Homonymy","M2_a_M2_b","N",1.8125,2,0.1875,16,1.32759180473518,0.126254260540009,0.0661163330078125,0.331897951183794
"283","film",FALSE,"Polysemy","M1_a_M2_a","N",1.22222222222222,2,0.777777777777778,9,1.20185042515466,0.494718134403229,0.0616954565048218,0.400616808384888
"284","film",FALSE,"Polysemy","M1_a_M2_b","N",0.388888888888889,0,0.388888888888889,18,0.697802339187225,0.486100733280182,0.123729765415192,0.164473588655707
"285","film",FALSE,"Polysemy","M1_b_M2_a","N",1.44444444444444,2,0.555555555555556,9,1.50923085635624,0.440122902393341,0.0456531047821045,0.503076952118745
"286","film",FALSE,"Polysemy","M1_b_M2_b","N",0.0666666666666667,0,0.0666666666666667,15,0.258198889747161,0.447441041469574,0.128340244293213,0.0666666666666667
"287","film",TRUE,"Polysemy","M1_a_M1_b","N",3.8,4,0.2,10,0.421637021355784,0.148115992546082,0.0591914653778076,0.133333333333333
"288","film",TRUE,"Polysemy","M2_a_M2_b","N",3.4375,4,0.5625,16,0.813941029804985,0.0658875107765198,0.102606654167175,0.203485257451246
"289","fix",FALSE,"Polysemy","M1_a_M2_a","V",1.83333333333333,2,0.166666666666667,12,1.46680440124618,0.243120610713959,0.162263095378876,0.423429957954004
"290","fix",FALSE,"Polysemy","M1_a_M2_b","V",1.33333333333333,1,0.333333333333333,9,0.707106781186548,0.293794929981232,0.188381612300873,0.235702260395516
"291","fix",FALSE,"Polysemy","M1_b_M2_a","V",0.833333333333333,0.5,0.333333333333333,12,1.19341628287971,0.345567882061005,0.155044972896576,0.344509606087942
"292","fix",FALSE,"Polysemy","M1_b_M2_b","V",0.7,0.5,0.2,10,0.823272602348565,0.35453987121582,0.171358287334442,0.260341655863555
"293","fix",TRUE,"Polysemy","M1_a_M1_b","V",3.9047619047619,4,0.0952380952380953,21,0.300792603759119,0.153936147689819,0.145602703094482,0.0656383273909058
"294","fix",TRUE,"Polysemy","M2_a_M2_b","V",2.61538461538462,3,0.384615384615385,13,1.38675049056307,0.171439290046692,0.102191090583801,0.384615384615385
"295","foundation",FALSE,"Polysemy","M1_a_M2_a","N",0.583333333333333,0,0.583333333333333,12,0.792961461098759,0.405302762985229,0.15153956413269,0.228908256511184
"296","foundation",FALSE,"Polysemy","M1_a_M2_b","N",1,0,1,16,1.46059348668044,0.387109994888306,0.119116425514221,0.365148371670111
"297","foundation",FALSE,"Polysemy","M1_b_M2_a","N",0.75,0.5,0.25,8,1.03509833901353,0.37853991985321,0.115469217300415,0.3659625273557
"298","foundation",FALSE,"Polysemy","M1_b_M2_b","N",1.55555555555556,1,0.555555555555556,9,1.50923085635624,0.369950592517853,0.0816314220428467,0.503076952118745
"299","foundation",TRUE,"Polysemy","M1_a_M1_b","N",3.06666666666667,4,0.933333333333333,15,1.33452327853522,0.131889820098877,0.057687520980835,0.344572428859534
"300","foundation",TRUE,"Polysemy","M2_a_M2_b","N",3.76470588235294,4,0.235294117647059,17,0.562295714538387,0.0682525038719177,0.048521876335144,0.136376742580819
"301","function",FALSE,"Polysemy","M1_a_M2_a","N",0.933333333333333,0,0.933333333333333,15,1.27988094684437,0.305757462978363,0.0823155641555786,0.330463839483761
"302","function",FALSE,"Polysemy","M1_a_M2_b","N",0.266666666666667,0,0.266666666666667,15,0.593616839704664,0.270422041416168,0.0821143388748169,0.153271208946963
"303","function",FALSE,"Polysemy","M1_b_M2_a","N",0.2,0,0.2,10,0.421637021355784,0.477748870849609,0.0935884714126587,0.133333333333333
"304","function",FALSE,"Polysemy","M1_b_M2_b","N",0.5,0,0.5,12,0.674199862463242,0.463516175746918,0.0936164259910583,0.194624736040381
"305","function",TRUE,"Polysemy","M1_a_M1_b","N",3.75,4,0.25,12,0.621581560508061,0.16488516330719,0.0417500138282776,0.179435140641318
"306","function",TRUE,"Polysemy","M2_a_M2_b","N",3.38461538461538,4,0.615384615384615,13,0.960768922830523,0.0849360823631287,0.0517222881317139,0.266469355010597
"307","ground",FALSE,"Polysemy","M1_a_M2_a","N",2.28571428571429,2,0.285714285714286,14,1.20438758319299,0.308426082134247,0.066148042678833,0.321886121228062
"308","ground",FALSE,"Polysemy","M1_a_M2_b","N",1.84615384615385,2,0.153846153846154,13,1.34450448407296,0.331179440021515,0.072730541229248,0.372898450570487
"309","ground",FALSE,"Polysemy","M1_b_M2_a","N",2.92307692307692,3,0.0769230769230771,13,1.03774904332554,0.238362193107605,0.0473807454109192,0.287819798982611
"310","ground",FALSE,"Polysemy","M1_b_M2_b","N",3.5,4,0.5,10,0.707106781186548,0.350116193294525,0.0628030896186829,0.223606797749979
"311","ground",TRUE,"Polysemy","M1_a_M1_b","N",3.61538461538462,4,0.384615384615385,13,0.767947647788304,0.268796026706696,0.0783461332321167,0.212990355459438
"312","ground",TRUE,"Polysemy","M2_a_M2_b","N",3.28571428571429,4,0.714285714285714,14,1.43733575268066,0.22259110212326,0.0271486639976501,0.384144138306561
"313","guard",FALSE,"Polysemy","M1_a_M2_a","N",2.64705882352941,3,0.352941176470588,17,1.53871604229745,0.296960830688477,0.0842940807342529,0.373193457072045
"314","guard",FALSE,"Polysemy","M1_a_M2_b","N",1.77777777777778,2,0.222222222222222,9,1.64147630029935,0.25550252199173,0.0680607557296753,0.54715876676645
"315","guard",FALSE,"Polysemy","M1_b_M2_a","N",3.61538461538462,4,0.384615384615385,13,0.767947647788304,0.323509275913239,0.0893356204032898,0.212990355459438
"316","guard",FALSE,"Polysemy","M1_b_M2_b","N",3.45454545454545,4,0.545454545454545,11,0.820199532264724,0.289503991603851,0.079711377620697,0.24729946379519
"317","guard",TRUE,"Polysemy","M1_a_M1_b","N",3.45454545454545,4,0.545454545454545,11,1.21355975243384,0.201911449432373,0.0447431802749634,0.365902032681784
"318","guard",TRUE,"Polysemy","M2_a_M2_b","N",3.8125,4,0.1875,16,0.543905629069357,0.16523414850235,0.0779300928115845,0.135976407267339
"319","guide",FALSE,"Polysemy","M1_a_M2_a","N",2.33333333333333,2.5,0.166666666666667,12,1.43548112513055,0.165287137031555,0.0714467167854309,0.414387707005374
"320","guide",FALSE,"Polysemy","M1_a_M2_b","N",2.25,2,0.25,12,1.28805702866407,0.215485572814941,0.077599823474884,0.371830036115395
"321","guide",FALSE,"Polysemy","M1_b_M2_a","N",1.1875,1,0.1875,16,0.910585891976516,0.275434553623199,0.0739958882331848,0.227646472994129
"322","guide",FALSE,"Polysemy","M1_b_M2_b","N",1,0.5,0.5,10,1.15470053837925,0.313683450222015,0.0763777494430542,0.365148371670111
"323","guide",TRUE,"Polysemy","M1_a_M1_b","N",2.27272727272727,2,0.272727272727273,11,1.27207775634268,0.240401029586792,0.0651909112930298,0.383545874722345
"324","guide",TRUE,"Polysemy","M2_a_M2_b","N",3.875,4,0.125,16,0.341565025531987,0.0876309275627136,0.0291383266448975,0.0853912563829966
"325","hail",FALSE,"Polysemy","M1_a_M2_a","V",2.4,2,0.4,15,1.18321595661992,0.281277298927307,0.0973136425018311,0.305505046330389
"326","hail",FALSE,"Polysemy","M1_a_M2_b","V",1.72727272727273,2,0.272727272727273,11,1.1908743922773,0.294083297252655,0.0923532247543335,0.359062139238755
"327","hail",FALSE,"Polysemy","M1_b_M2_a","V",2.69230769230769,3,0.307692307692307,13,1.25064086135971,0.277096033096313,0.0951043367385864,0.346865365601761
"328","hail",FALSE,"Polysemy","M1_b_M2_b","V",2.1,2,0.1,10,1.3703203194063,0.294228374958038,0.0964825749397278,0.433333333333333
"329","hail",TRUE,"Polysemy","M1_a_M1_b","V",4,4,0,9,0,0.0285053849220276,0.0298159122467041,0
"330","hail",TRUE,"Polysemy","M2_a_M2_b","V",3.31578947368421,4,0.684210526315789,19,1.10818327700728,0.117027759552002,0.0484539866447449,0.254234679757709
"331","home",FALSE,"Polysemy","M1_a_M2_a","N",2.15384615384615,2,0.153846153846154,13,0.800640769025436,0.321417093276978,0.111159980297089,0.222057795842164
"332","home",FALSE,"Polysemy","M1_a_M2_b","N",3.42105263157895,4,0.578947368421053,19,1.01739260823845,0.294550895690918,0.111939251422882,0.23340587185351
"333","home",FALSE,"Polysemy","M1_b_M2_a","N",2.07692307692308,2,0.0769230769230771,13,1.44115338424578,0.324015736579895,0.0897639393806458,0.399704032515895
"334","home",FALSE,"Polysemy","M1_b_M2_b","N",3.5,4,0.5,8,0.755928946018454,0.328268706798553,0.0941160321235657,0.267261241912424
"335","home",TRUE,"Polysemy","M1_a_M1_b","N",3.81818181818182,4,0.181818181818182,11,0.404519917477945,0.0975514650344849,0.0534430146217346,0.121967344227261
"336","home",TRUE,"Polysemy","M2_a_M2_b","N",2.84615384615385,3,0.153846153846154,13,1.14354374979373,0.190919041633606,0.052004873752594,0.317161971201359
"337","intelligence",FALSE,"Polysemy","M1_a_M2_a","N",1.8,1,0.8,15,1.47357679522601,0.364275574684143,0.155202269554138,0.380475892484537
"338","intelligence",FALSE,"Polysemy","M1_a_M2_b","N",3.33333333333333,4,0.666666666666667,9,0.866025403784439,0.334796607494354,0.0924605131149292,0.288675134594813
"339","intelligence",FALSE,"Polysemy","M1_b_M2_a","N",2.33333333333333,2,0.333333333333333,9,1.11803398874989,0.356527924537659,0.21524566411972,0.372677996249965
"340","intelligence",FALSE,"Polysemy","M1_b_M2_b","N",3.3125,3.5,0.1875,16,0.79320026895272,0.34308397769928,0.154103636741638,0.19830006723818
"341","intelligence",TRUE,"Polysemy","M1_a_M1_b","N",3.54545454545455,4,0.454545454545455,11,0.934198732993827,0.0520378351211548,0.0494651794433594,0.281671516087812
"342","intelligence",TRUE,"Polysemy","M2_a_M2_b","N",3.58823529411765,4,0.411764705882353,17,0.712287119900726,0.0750247836112976,0.121954202651978,0.172755001830452
"343","issue",FALSE,"Polysemy","M1_a_M2_a","N",0.8,0,0.8,10,1.31656117720877,0.488652408123016,0.0889092683792114,0.416333199893227
"344","issue",FALSE,"Polysemy","M1_a_M2_b","N",3.44444444444444,4,0.555555555555555,9,1.0137937550497,0.307942807674408,0.0685914754867554,0.337931251683234
"345","issue",FALSE,"Polysemy","M1_b_M2_a","N",1.75,1,0.75,12,1.54478595163331,0.460301160812378,0.0809264779090881,0.445941292507922
"346","issue",FALSE,"Polysemy","M1_b_M2_b","N",2.23529411764706,2,0.235294117647059,17,1.52189896858768,0.342561364173889,0.0747506618499756,0.369114717588563
"347","issue",TRUE,"Polysemy","M1_a_M1_b","N",3.8,4,0.2,15,0.560611910581388,0.0886268019676208,0.0346588492393494,0.144749372891149
"348","issue",TRUE,"Polysemy","M2_a_M2_b","N",2.64285714285714,3,0.357142857142857,14,1.44686094473747,0.269719660282135,0.0672111511230469,0.386689852965119
"349","jam",FALSE,"Homonymy","M1_a_M2_a","N",0.0714285714285714,0,0.0714285714285714,14,0.267261241912424,0.442857265472412,0.108810067176819,0.0714285714285714
"350","jam",FALSE,"Homonymy","M1_a_M2_b","N",0.538461538461538,0,0.538461538461538,13,1.12660142429822,0.11470490694046,0.0722532272338867,0.312463015562922
"351","jam",FALSE,"Homonymy","M1_b_M2_a","N",0,0,0,12,0,0.45075511932373,0.0995561480522156,0
"352","jam",FALSE,"Homonymy","M1_b_M2_b","N",0.0666666666666667,0,0.0666666666666667,15,0.258198889747161,0.154984951019287,0.0544401407241821,0.0666666666666667
"353","jam",TRUE,"Homonymy","M1_a_M1_b","N",4,4,0,13,0,0.106470286846161,0.0136011242866516,0
"354","jam",TRUE,"Homonymy","M2_a_M2_b","N",2.1,2,0.1,10,1.19721899973786,0.395899713039398,0.0706207156181335,0.378593889720018
"355","key",FALSE,"Polysemy","M1_a_M2_a","N",1.07692307692308,1,0.0769230769230769,13,1.44115338424578,0.0845685005187988,0.0698505640029907,0.399704032515895
"356","key",FALSE,"Polysemy","M1_a_M2_b","N",0.454545454545455,0,0.454545454545455,11,0.820199532264724,0.138863146305084,0.0489934086799622,0.24729946379519
"357","key",FALSE,"Polysemy","M1_b_M2_a","N",0.75,0,0.75,12,1.21543108701099,0.100652396678925,0.116315901279449,0.350864732633619
"358","key",FALSE,"Polysemy","M1_b_M2_b","N",0.916666666666667,1,0.0833333333333334,12,0.996204919895622,0.185944676399231,0.0723507404327393,0.287579589334883
"359","key",TRUE,"Polysemy","M1_a_M1_b","N",3.90909090909091,4,0.0909090909090908,11,0.301511344577764,0.0595633387565613,0.0680558681488037,0.0909090909090909
"360","key",TRUE,"Polysemy","M2_a_M2_b","N",3.66666666666667,4,0.333333333333333,18,0.685994340570035,0.115159451961517,0.0700949430465698,0.161690416690889
"361","lamb",FALSE,"Polysemy","M1_a_M2_a","N",3.3,3.5,0.2,10,0.823272602348565,0.0913053154945374,0.0526193976402283,0.260341655863555
"362","lamb",FALSE,"Polysemy","M1_a_M2_b","N",3,3,0,12,1.20604537831105,0.110114395618439,0.0615125894546509,0.348155311911396
"363","lamb",FALSE,"Polysemy","M1_b_M2_a","N",3.46666666666667,4,0.533333333333333,15,0.639940473422184,0.0886797904968262,0.0550795197486877,0.165231919741881
"364","lamb",FALSE,"Polysemy","M1_b_M2_b","N",3.29411764705882,4,0.705882352941177,17,1.04670350878084,0.107629597187042,0.059822142124176,0.253862889729883
"365","lamb",TRUE,"Polysemy","M1_a_M1_b","N",4,4,0,12,0,0.0415446758270264,0.236713230609894,0
"366","lamb",TRUE,"Polysemy","M2_a_M2_b","N",3.63636363636364,4,0.363636363636364,11,1.20604537831105,0.0323327779769897,0.0225949883460999,0.363636363636364
"367","lap",FALSE,"Homonymy","M1_a_M2_a","V",0.2,0,0.2,15,0.414039335605413,0.331312000751495,0.118968367576599,0.10690449676497
"368","lap",FALSE,"Homonymy","M1_a_M2_b","V",0.333333333333333,0,0.333333333333333,12,0.492365963917331,0.412111937999725,0.140125691890717,0.14213381090374
"369","lap",FALSE,"Homonymy","M1_b_M2_a","V",0.333333333333333,0,0.333333333333333,12,0.887625364598595,0.179503738880157,0.0759404897689819,0.256235371595269
"370","lap",FALSE,"Homonymy","M1_b_M2_b","V",0.5,0.5,0,10,0.52704627669473,0.295544862747192,0.10203218460083,0.166666666666667
"371","lap",TRUE,"Homonymy","M1_a_M1_b","V",3.625,4,0.375,8,0.517549169506766,0.180359661579132,0.0785472393035889,0.18298126367785
"372","lap",TRUE,"Homonymy","M2_a_M2_b","V",3.45,4,0.55,20,0.998683343734455,0.108225286006927,0.0419250130653381,0.223312384458703
"373","load",FALSE,"Polysemy","M1_a_M2_a","V",2.14285714285714,2,0.142857142857143,7,1.0690449676497,0.250927209854126,0.0670257806777954,0.404061017820884
"374","load",FALSE,"Polysemy","M1_a_M2_b","V",2.46666666666667,2,0.466666666666667,15,1.12546286774228,0.221700847148895,0.0690865516662598,0.290593262902712
"375","load",FALSE,"Polysemy","M1_b_M2_a","V",2.53846153846154,2,0.538461538461538,13,0.967417922046845,0.20568323135376,0.0835447907447815,0.268313455595594
"376","load",FALSE,"Polysemy","M1_b_M2_b","V",2.5,2.5,0,14,0.75955452531275,0.178631901741028,0.0840872526168823,0.202999485735288
"377","load",TRUE,"Polysemy","M1_a_M1_b","V",4,4,0,14,0,0.046735942363739,0.0312229990959167,0
"378","load",TRUE,"Polysemy","M2_a_M2_b","V",4,4,0,14,0,0.0356429815292358,0.0131721496582031,0
"379","lock",FALSE,"Homonymy","M1_a_M2_a","N",0,0,0,13,0,0.36449134349823,0.094309389591217,0
"380","lock",FALSE,"Homonymy","M1_a_M2_b","N",0,0,0,10,0,0.380106210708618,0.101951360702515,0
"381","lock",FALSE,"Homonymy","M1_b_M2_a","N",0.210526315789474,0,0.210526315789474,19,0.535303379031311,0.375346899032593,0.0675100684165955,0.12280701754386
"382","lock",FALSE,"Homonymy","M1_b_M2_b","N",0.333333333333333,0,0.333333333333333,12,0.65133894727893,0.380734086036682,0.0705361366271973,0.188025358272589
"383","lock",TRUE,"Homonymy","M1_a_M1_b","N",3.78571428571429,4,0.214285714285714,14,0.578934223521839,0.0498149991035461,0.0329239964485168,0.154726679564052
"384","lock",TRUE,"Homonymy","M2_a_M2_b","N",3.55555555555556,4,0.444444444444445,9,0.726483157256779,0.0602028369903564,0.0212037563323975,0.242161052418926
"385","lunch",FALSE,"Polysemy","M1_a_M2_a","N",3.78571428571429,4,0.214285714285714,14,0.42581531362632,0.0730743408203125,0.0537515878677368,0.113803929545099
"386","lunch",FALSE,"Polysemy","M1_a_M2_b","N",3.38888888888889,4,0.611111111111111,18,1.03690086251908,0.468395352363586,0.0451140403747559,0.244399877101807
"387","lunch",FALSE,"Polysemy","M1_b_M2_a","N",3.85714285714286,4,0.142857142857143,7,0.377964473009227,0.132222175598145,0.0348590016365051,0.142857142857143
"388","lunch",FALSE,"Polysemy","M1_b_M2_b","N",3.58333333333333,4,0.416666666666667,12,0.792961461098759,0.470807552337646,0.0331523418426514,0.228908256511184
"389","lunch",TRUE,"Polysemy","M1_a_M1_b","N",3.93333333333333,4,0.0666666666666669,15,0.258198889747161,0.127897918224335,0.0324671864509583,0.0666666666666667
"390","lunch",TRUE,"Polysemy","M2_a_M2_b","N",4,4,0,11,0,0.463176369667053,0.0557607412338257,0
"391","market",FALSE,"Polysemy","M1_a_M2_a","N",2.55555555555556,3,0.444444444444445,9,0.881917103688197,0.206392049789429,0.126381278038025,0.293972367896066
"392","market",FALSE,"Polysemy","M1_a_M2_b","N",2.28571428571429,2.5,0.214285714285714,14,1.43733575268066,0.310365855693817,0.13238799571991,0.384144138306561
"393","market",FALSE,"Polysemy","M1_b_M2_a","N",2.26315789473684,2,0.263157894736842,19,1.484815935587,0.179006576538086,0.119191765785217,0.340640137525396
"394","market",FALSE,"Polysemy","M1_b_M2_b","N",1.9,2,0.1,10,1.28668393770792,0.278942942619324,0.124048411846161,0.406885187191123
"395","market",TRUE,"Polysemy","M1_a_M1_b","N",3.92307692307692,4,0.0769230769230771,13,0.277350098112615,0.0978555679321289,0.0525417923927307,0.0769230769230769
"396","market",TRUE,"Polysemy","M2_a_M2_b","N",3.08333333333333,3,0.0833333333333335,12,1.16450015288132,0.230547428131104,0.0829787254333496,0.336162238368694
"397","match",FALSE,"Homonymy","M1_a_M2_a","N",0.111111111111111,0,0.111111111111111,9,0.333333333333333,0.462172865867615,0.0604963302612305,0.111111111111111
"398","match",FALSE,"Homonymy","M1_a_M2_b","N",0,0,0,9,0,0.469395101070404,0.0788307189941406,0
"399","match",FALSE,"Homonymy","M1_b_M2_a","N",0.3125,0,0.3125,16,0.79320026895272,0.468630492687225,0.0676296949386597,0.19830006723818
"400","match",FALSE,"Homonymy","M1_b_M2_b","N",0.555555555555556,0,0.555555555555556,18,1.14902629992028,0.500597208738327,0.0802707076072693,0.270828096145107
"401","match",TRUE,"Homonymy","M1_a_M1_b","N",4,4,0,10,0,0.091742992401123,0.0356317162513733,0
"402","match",TRUE,"Homonymy","M2_a_M2_b","N",3.66666666666667,4,0.333333333333333,15,1.04653623694457,0.156254768371582,0.0456887483596802,0.270214494459259
"403","medicine",FALSE,"Polysemy","M1_a_M2_a","N",2.66666666666667,3,0.333333333333333,15,1.11269728052837,0.246646046638489,0.0767025947570801,0.287297202457112
"404","medicine",FALSE,"Polysemy","M1_a_M2_b","N",2.44444444444444,2,0.444444444444445,9,1.42400062421959,0.2901930809021,0.0696529150009155,0.474666874739863
"405","medicine",FALSE,"Polysemy","M1_b_M2_a","N",3.22222222222222,4,0.777777777777778,9,1.092906420717,0.252791404724121,0.0734772682189941,0.364302140239
"406","medicine",FALSE,"Polysemy","M1_b_M2_b","N",3.5,4,0.5,10,1.08012344973464,0.270864844322205,0.0656265020370483,0.341565025531987
"407","medicine",TRUE,"Polysemy","M1_a_M1_b","N",3.5625,4,0.4375,16,1.09354164682162,0.135519444942474,0.0455882549285889,0.273385411705404
"408","medicine",TRUE,"Polysemy","M2_a_M2_b","N",3.83333333333333,4,0.166666666666667,18,0.514495755427527,0.184719860553741,0.0408446788787842,0.121267812518167
"409","message",FALSE,"Polysemy","M1_a_M2_a","N",3.5,3.5,0,10,0.52704627669473,0.155624568462372,0.0981151461601257,0.166666666666667
"410","message",FALSE,"Polysemy","M1_a_M2_b","N",2.125,2.5,0.375,8,0.991031208965115,0.307215213775635,0.135635554790497,0.350382444113368
"411","message",FALSE,"Polysemy","M1_b_M2_a","N",3,3,0,15,1.13389341902768,0.132769882678986,0.115331888198853,0.29277002188456
"412","message",FALSE,"Polysemy","M1_b_M2_b","N",2.8125,3,0.1875,16,1.04682058316281,0.257606506347656,0.14843225479126,0.261705145790703
"413","message",TRUE,"Polysemy","M1_a_M1_b","N",3.72727272727273,4,0.272727272727273,11,0.646669790682863,0.0934973955154419,0.0524485111236572,0.194978278086611
"414","message",TRUE,"Polysemy","M2_a_M2_b","N",3.70588235294118,4,0.294117647058823,17,0.587867532097255,0.172176361083984,0.0404173135757446,0.142578819335774
"415","mold",FALSE,"Homonymy","M1_a_M2_a","N",0.133333333333333,0,0.133333333333333,15,0.351865775274498,0.203066468238831,0.105068564414978,0.0908513525158996
"416","mold",FALSE,"Homonymy","M1_a_M2_b","N",0.916666666666667,0.5,0.416666666666667,12,1.24011240937215,0.170827805995941,0.0934597849845886,0.357989616688202
"417","mold",FALSE,"Homonymy","M1_b_M2_a","N",0.111111111111111,0,0.111111111111111,9,0.333333333333333,0.219214260578156,0.11547327041626,0.111111111111111
"418","mold",FALSE,"Homonymy","M1_b_M2_b","N",0.357142857142857,0,0.357142857142857,14,0.497245158098847,0.185368597507477,0.108413815498352,0.132894358488438
"419","mold",TRUE,"Homonymy","M1_a_M1_b","N",3.0625,3.5,0.4375,16,1.23659478676997,0.115669965744019,0.0682823061943054,0.309148696692492
"420","mold",TRUE,"Homonymy","M2_a_M2_b","N",3.72727272727273,4,0.272727272727273,11,0.646669790682863,0.137601792812347,0.0376744866371155,0.194978278086611
"421","mole",FALSE,"Homonymy","M1_a_M2_a","N",0.153846153846154,0,0.153846153846154,13,0.554700196225229,0.121985971927643,0.0894855856895447,0.153846153846154
"422","mole",FALSE,"Homonymy","M1_a_M2_b","N",0.166666666666667,0,0.166666666666667,12,0.389249472080761,0.162556350231171,0.0913383960723877,0.112366643743874
"423","mole",FALSE,"Homonymy","M1_b_M2_a","N",0.625,0,0.625,8,1.40788595317336,0.136322438716888,0.0875542163848877,0.497762852313084
"424","mole",FALSE,"Homonymy","M1_b_M2_b","N",1.15,1,0.15,20,1.38696943388321,0.133527815341949,0.0737338066101074,0.310135793687726
"425","mole",TRUE,"Homonymy","M1_a_M1_b","N",2.375,3.5,1.125,8,1.99553072067128,0.0846621990203857,0.0964593291282654,0.705526652326372
"426","mole",TRUE,"Homonymy","M2_a_M2_b","N",2.375,2,0.375,16,1.58640053790544,0.171923518180847,0.0740754008293152,0.39660013447636
"427","movement",FALSE,"Polysemy","M1_a_M2_a","N",0.846153846153846,1,0.153846153846154,13,0.898717034272917,0.418435394763947,0.126797080039978,0.249259257631072
"428","movement",FALSE,"Polysemy","M1_a_M2_b","N",0.538461538461538,0,0.538461538461538,13,0.967417922046845,0.619402647018433,0.100257813930511,0.268313455595594
"429","movement",FALSE,"Polysemy","M1_b_M2_a","N",1.42857142857143,1.5,0.0714285714285714,14,1.15786844704368,0.419799208641052,0.159288823604584,0.309453359128104
"430","movement",FALSE,"Polysemy","M1_b_M2_b","N",0.833333333333333,1,0.166666666666667,12,0.937436866561092,0.664320558309555,0.11201286315918,0.270614713628663
"431","movement",TRUE,"Polysemy","M1_a_M1_b","N",3.38461538461538,4,0.615384615384615,13,0.869718492622904,0.1087406873703,0.0347347259521484,0.241216509259318
"432","movement",TRUE,"Polysemy","M2_a_M2_b","N",4,4,0,12,0,0.518557727336884,0.0676652193069458,0
"433","newspaper",FALSE,"Polysemy","M1_a_M2_a","N",3.9,4,0.1,10,0.316227766016838,0.234838783740997,0.0857582092285156,0.1
"434","newspaper",FALSE,"Polysemy","M1_a_M2_b","N",3.64705882352941,4,0.352941176470588,17,0.785905247993376,0.256969928741455,0.0936570167541504,0.190610020541408
"435","newspaper",FALSE,"Polysemy","M1_b_M2_a","N",4,4,0,10,0,0.152527511119843,0.073273777961731,0
"436","newspaper",FALSE,"Polysemy","M1_b_M2_b","N",3.77777777777778,4,0.222222222222222,18,0.73208449814096,0.257240891456604,0.0855512619018555,0.172553971012341
"437","newspaper",TRUE,"Polysemy","M1_a_M1_b","N",4,4,0,10,0,0.114051640033722,0.0416853427886963,0
"438","newspaper",TRUE,"Polysemy","M2_a_M2_b","N",3.83333333333333,4,0.166666666666667,12,0.577350269189626,0.079730212688446,0.0335932970046997,0.166666666666667
"439","orange",FALSE,"Polysemy","M1_a_M2_a","N",2,2,0,19,1.76383420737639,0.307211458683014,0.0652739405632019,0.404651319111256
"440","orange",FALSE,"Polysemy","M1_a_M2_b","N",1,0,1,9,1.4142135623731,0.273911237716675,0.0526608824729919,0.471404520791032
"441","orange",FALSE,"Polysemy","M1_b_M2_a","N",2.5,3,0.5,8,1.60356745147455,0.236619532108307,0.0852928757667542,0.566946709513841
"442","orange",FALSE,"Polysemy","M1_b_M2_b","N",1.91666666666667,1.5,0.416666666666667,12,1.62135371797393,0.226773023605347,0.0906700491905212,0.468044502761924
"443","orange",TRUE,"Polysemy","M1_a_M1_b","N",3.65,4,0.35,20,0.988086934168084,0.0838399529457092,0.0519418716430664,0.22094295524792
"444","orange",TRUE,"Polysemy","M2_a_M2_b","N",4,4,0,9,0,0.122556507587433,0.0562151074409485,0
"445","page",FALSE,"Homonymy","M1_a_M2_a","N",0.166666666666667,0,0.166666666666667,12,0.389249472080761,0.240452110767365,0.0961057543754578,0.112366643743874
"446","page",FALSE,"Homonymy","M1_a_M2_b","N",0.333333333333333,0,0.333333333333333,9,0.5,0.225439786911011,0.095548152923584,0.166666666666667
"447","page",FALSE,"Homonymy","M1_b_M2_a","N",0.388888888888889,0,0.388888888888889,18,0.607684988914186,0.239609122276306,0.103726863861084,0.143232725495498
"448","page",FALSE,"Homonymy","M1_b_M2_b","N",0.545454545454545,0,0.545454545454545,11,0.687551650952329,0.221343755722046,0.12424623966217,0.207304622745298
"449","page",TRUE,"Homonymy","M1_a_M1_b","N",3.07142857142857,4,0.928571428571428,14,1.43924583425785,0.146082818508148,0.0801376700401306,0.384654629081036
"450","page",TRUE,"Homonymy","M2_a_M2_b","N",3.38461538461538,4,0.615384615384615,13,1.50213523239762,0.0778042078018188,0.0448882579803467,0.416617354083895
"451","palm",FALSE,"Homonymy","M1_a_M2_a","N",0.235294117647059,0,0.235294117647059,17,0.664211164155071,0.271009206771851,0.0962943434715271,0.161094869854461
"452","palm",FALSE,"Homonymy","M1_a_M2_b","N",0.2,0,0.2,15,0.560611910581388,0.269844651222229,0.0819805860519409,0.144749372891149
"453","palm",FALSE,"Homonymy","M1_b_M2_a","N",0.285714285714286,0,0.285714285714286,14,1.0690449676497,0.339266061782837,0.120958983898163,0.285714285714286
"454","palm",FALSE,"Homonymy","M1_b_M2_b","N",0.25,0,0.25,12,0.452267016866645,0.323847413063049,0.089921772480011,0.130558241966773
"455","palm",TRUE,"Homonymy","M1_a_M1_b","N",3,4,1,7,1.4142135623731,0.0856266617774963,0.0401288866996765,0.534522483824849
"456","palm",TRUE,"Homonymy","M2_a_M2_b","N",3.91666666666667,4,0.0833333333333335,12,0.288675134594813,0.125965535640717,0.102179348468781,0.0833333333333333
"457","panel",FALSE,"Polysemy","M1_a_M2_a","N",0.8,1,0.2,10,0.788810637746616,0.337162554264069,0.105567574501038,0.249443825784929
"458","panel",FALSE,"Polysemy","M1_a_M2_b","N",1.22222222222222,1,0.222222222222222,18,1.16596617626027,0.230144858360291,0.0966290831565857,0.274820863289263
"459","panel",FALSE,"Polysemy","M1_b_M2_a","N",1.5,1.5,0,4,1.29099444873581,0.372277975082397,0.117012917995453,0.645497224367903
"460","panel",FALSE,"Polysemy","M1_b_M2_b","N",1.07692307692308,1,0.0769230769230769,13,1.25575597825496,0.205780923366547,0.0960116982460022,0.348284043774516
"461","panel",TRUE,"Polysemy","M1_a_M1_b","N",1.8,2,0.2,20,1.57613785130482,0.0776529312133789,0.066153883934021,0.352435137742804
"462","panel",TRUE,"Polysemy","M2_a_M2_b","N",3,3,0,12,0.953462589245592,0.307659983634949,0.109875023365021,0.27524094128159
"463","passage",FALSE,"Polysemy","M1_a_M2_a","N",0.1,0,0.1,10,0.316227766016838,0.351558268070221,0.0768012404441833,0.1
"464","passage",FALSE,"Polysemy","M1_a_M2_b","N",0.428571428571429,0,0.428571428571429,14,0.513552591013095,0.417132973670959,0.0977417230606079,0.137252703261503
"465","passage",FALSE,"Polysemy","M1_b_M2_a","N",0.888888888888889,1,0.111111111111111,9,1.05409255338946,0.418398261070251,0.0909217000007629,0.351364184463153
"466","passage",FALSE,"Polysemy","M1_b_M2_b","N",0.230769230769231,0,0.230769230769231,13,0.599144689515278,0.457059860229492,0.0745879411697388,0.166172838420714
"467","passage",TRUE,"Polysemy","M1_a_M1_b","N",3.69230769230769,4,0.307692307692307,13,0.630425171956115,0.0962755680084229,0.0747096538543701,0.17484848329469
"468","passage",TRUE,"Polysemy","M2_a_M2_b","N",3.61111111111111,4,0.388888888888889,18,0.978527638786601,0.191856861114502,0.0392346978187561,0.230641176321489
"469","pen",FALSE,"Homonymy","M1_a_M2_a","V",0.4,0,0.4,10,0.516397779494322,0.464779555797577,0.13879919052124,0.163299316185545
"470","pen",FALSE,"Homonymy","M1_a_M2_b","V",0.545454545454545,0,0.545454545454545,11,1.03572548135463,0.322282195091248,0.0944275259971619,0.312282982496685
"471","pen",FALSE,"Homonymy","M1_b_M2_a","V",0.647058823529412,0,0.647058823529412,17,0.996316746232607,0.480618357658386,0.185153424739838,0.241642304781691
"472","pen",FALSE,"Homonymy","M1_b_M2_b","V",0.5,0,0.5,12,0.797724035217466,0.354411125183105,0.14042192697525,0.230283093235919
"473","pen",TRUE,"Homonymy","M1_a_M1_b","V",3.52941176470588,4,0.470588235294118,17,1.06757008311068,0.0787977576255798,0.0398901104927063,0.258923777377338
"474","pen",TRUE,"Homonymy","M2_a_M2_b","V",3.3,4,0.7,10,1.15950180872841,0.447730839252472,0.0787738561630249,0.366666666666667
"475","perch",FALSE,"Homonymy","M1_a_M2_a","N",0.666666666666667,1,0.333333333333333,9,0.707106781186548,0.161617517471313,0.0474996566772461,0.235702260395516
"476","perch",FALSE,"Homonymy","M1_a_M2_b","N",0.6,0,0.6,5,0.894427190999916,0.173960328102112,0.0516571998596191,0.4
"477","perch",FALSE,"Homonymy","M1_b_M2_a","N",1.3125,1,0.3125,16,1.44769932421526,0.316257119178772,0.119325459003448,0.361924831053816
"478","perch",FALSE,"Homonymy","M1_b_M2_b","N",1.66666666666667,2,0.333333333333333,15,1.29099444873581,0.333974421024323,0.116146206855774,0.333333333333333
"479","perch",TRUE,"Homonymy","M1_a_M1_b","N",2.25,2.5,0.25,12,1.60255477852765,0.188228964805603,0.107634246349335,0.462617716387031
"480","perch",TRUE,"Homonymy","M2_a_M2_b","N",2.5,3,0.5,20,1.50437957136384,0.115147411823273,0.0256116390228271,0.336389498553154
"481","pick",FALSE,"Polysemy","M1_a_M2_a","V",0.733333333333333,1,0.266666666666667,15,0.79880863671798,0.159915089607239,0.0866745114326477,0.206251503121026
"482","pick",FALSE,"Polysemy","M1_a_M2_b","V",0.538461538461538,0,0.538461538461538,13,0.877058019307029,0.211315512657166,0.101501822471619,0.24325212770526
"483","pick",FALSE,"Polysemy","M1_b_M2_a","V",0.894736842105263,1,0.105263157894737,19,0.875261030404661,0.291501581668854,0.0939609408378601,0.200798651618589
"484","pick",FALSE,"Polysemy","M1_b_M2_b","V",0.583333333333333,0,0.583333333333333,12,1.16450015288132,0.366639792919159,0.109284937381744,0.336162238368694
"485","pick",TRUE,"Polysemy","M1_a_M1_b","V",3.42857142857143,4,0.571428571428572,7,0.786795792469443,0.221626162528992,0.0649831295013428,0.29738085706659
"486","pick",TRUE,"Polysemy","M2_a_M2_b","V",3.63636363636364,4,0.363636363636364,11,0.504524979109513,0.15694922208786,0.0583897233009338,0.152120004824377
"487","pitcher",FALSE,"Homonymy","M1_a_M2_a","N",0.0714285714285714,0,0.0714285714285714,14,0.267261241912424,0.448589622974396,0.0581873655319214,0.0714285714285714
"488","pitcher",FALSE,"Homonymy","M1_a_M2_b","N",0.307692307692308,0,0.307692307692308,13,0.630425171956115,0.35248464345932,0.079657256603241,0.17484848329469
"489","pitcher",FALSE,"Homonymy","M1_b_M2_a","N",0.4,0,0.4,15,0.828078671210825,0.560444891452789,0.0707706212997437,0.213808993529939
"490","pitcher",FALSE,"Homonymy","M1_b_M2_b","N",0.153846153846154,0,0.153846153846154,13,0.375533808099405,0.553768068552017,0.0838989019393921,0.104154338520974
"491","pitcher",TRUE,"Homonymy","M1_a_M1_b","N",3.78571428571429,4,0.214285714285714,14,0.42581531362632,0.514390617609024,0.0663722157478333,0.113803929545099
"492","pitcher",TRUE,"Homonymy","M2_a_M2_b","N",3.5,4,0.5,8,1.4142135623731,0.0547229051589966,0.0287295579910278,0.5
"493","poach",FALSE,"Homonymy","M1_a_M2_a","V",0.833333333333333,0.5,0.333333333333333,12,0.937436866561092,0.177143096923828,0.146079957485199,0.270614713628663
"494","poach",FALSE,"Homonymy","M1_a_M2_b","V",1.36363636363636,1,0.363636363636364,11,1.43336856898198,0.203103959560394,0.146395802497864,0.432176884509262
"495","poach",FALSE,"Homonymy","M1_b_M2_a","V",0.571428571428571,0,0.571428571428571,7,0.786795792469443,0.195071041584015,0.103955090045929,0.29738085706659
"496","poach",FALSE,"Homonymy","M1_b_M2_b","V",0.5,0,0.5,14,0.94053994312596,0.273703038692474,0.119644999504089,0.251369873268085
"497","poach",TRUE,"Homonymy","M1_a_M1_b","V",3.84210526315789,4,0.157894736842105,19,0.688247201611685,0.075741171836853,0.0308597683906555,0.157894736842105
"498","poach",TRUE,"Homonymy","M2_a_M2_b","V",3.14285714285714,3,0.142857142857143,14,0.864437821507566,0.0944686532020569,0.037650465965271,0.231030725732183
"499","port",FALSE,"Homonymy","M1_a_M2_a","N",0.2,0,0.2,5,0.447213595499958,0.225065171718597,0.0764414668083191,0.2
"500","port",FALSE,"Homonymy","M1_a_M2_b","N",1.5,1.5,0,16,1.26491106406735,0.230878293514252,0.0608193874359131,0.316227766016838
"501","port",FALSE,"Homonymy","M1_b_M2_a","N",0.538461538461538,0,0.538461538461538,13,0.660225291773525,0.208070635795593,0.083219051361084,0.183113549449817
"502","port",FALSE,"Homonymy","M1_b_M2_b","N",1.4375,1.5,0.0625,16,1.20933866224478,0.214503407478333,0.0705186128616333,0.302334665561196
"503","port",TRUE,"Homonymy","M1_a_M1_b","N",3.41666666666667,4,0.583333333333333,12,0.996204919895622,0.160221755504608,0.0813097357749939,0.287579589334883
"504","port",TRUE,"Homonymy","M2_a_M2_b","N",3,3,0,15,1.36277028773849,0.0674631595611572,0.0345735549926758,0.351865775274498
"505","position",FALSE,"Polysemy","M1_a_M2_a","N",1.07142857142857,1,0.0714285714285714,14,0.997248963150875,0.472413003444672,0.116409480571747,0.26652599638758
"506","position",FALSE,"Polysemy","M1_a_M2_b","N",1,1,0,15,0.845154254728517,0.377835094928741,0.12328976392746,0.218217890235992
"507","position",FALSE,"Polysemy","M1_b_M2_a","N",0.888888888888889,1,0.111111111111111,9,0.927960727138337,0.421254575252533,0.0992524027824402,0.309320242379446
"508","position",FALSE,"Polysemy","M1_b_M2_b","N",0.923076923076923,1,0.0769230769230769,13,1.11516355015296,0.32637757062912,0.100645661354065,0.309290720046534
"509","position",TRUE,"Polysemy","M1_a_M1_b","N",3.66666666666667,4,0.333333333333333,12,0.65133894727893,0.0946488380432129,0.0456535220146179,0.188025358272589
"510","position",TRUE,"Polysemy","M2_a_M2_b","N",3.5,4,0.5,14,1.16023870223064,0.231586754322052,0.0592860579490662,0.310086836473021
"511","post",FALSE,"Homonymy","M1_a_M2_a","N",1,1,0,14,1.10940039245046,0.234244346618652,0.113972306251526,0.29649972666444
"512","post",FALSE,"Homonymy","M1_a_M2_b","N",0.375,0,0.375,16,0.61913918736689,0.320349454879761,0.10809063911438,0.154784796841723
"513","post",FALSE,"Homonymy","M1_b_M2_a","N",0.583333333333333,0,0.583333333333333,12,0.792961461098759,0.295176446437836,0.0964247584342957,0.228908256511184
"514","post",FALSE,"Homonymy","M1_b_M2_b","N",1.08333333333333,1,0.0833333333333333,12,0.90033663737852,0.40484631061554,0.108451902866364,0.259904799975886
"515","post",TRUE,"Homonymy","M1_a_M1_b","N",3.83333333333333,4,0.166666666666667,12,0.577350269189626,0.137798845767975,0.0668094158172607,0.166666666666667
"516","post",TRUE,"Homonymy","M2_a_M2_b","N",1.36363636363636,1,0.363636363636364,11,1.12006493318265,0.20501321554184,0.0960617661476135,0.337712284018304
"517","punch",FALSE,"Homonymy","M1_a_M2_a","N",0.428571428571429,0,0.428571428571429,14,1.15786844704368,0.382423460483551,0.173151552677155,0.309453359128104
"518","punch",FALSE,"Homonymy","M1_a_M2_b","N",0.222222222222222,0,0.222222222222222,9,0.440958551844098,0.408398866653442,0.199571907520294,0.146986183948033
"519","punch",FALSE,"Homonymy","M1_b_M2_a","N",0.1,0,0.1,10,0.316227766016838,0.439917147159576,0.173324048519135,0.1
"520","punch",FALSE,"Homonymy","M1_b_M2_b","N",0.142857142857143,0,0.142857142857143,14,0.363136519601281,0.450152277946472,0.186375141143799,0.0970523172123939
"521","punch",TRUE,"Homonymy","M1_a_M1_b","N",3.83333333333333,4,0.166666666666667,12,0.389249472080761,0.247438788414001,0.0605809092521667,0.112366643743874
"522","punch",TRUE,"Homonymy","M2_a_M2_b","N",3.77777777777778,4,0.222222222222222,18,0.548318880553316,0.0609313249588013,0.042283833026886,0.129239999563956
"523","pupil",FALSE,"Homonymy","M1_a_M2_a","N",0.714285714285714,0,0.714285714285714,14,1.43733575268066,0.324471354484558,0.164594411849976,0.384144138306561
"524","pupil",FALSE,"Homonymy","M1_a_M2_b","N",0.25,0,0.25,8,0.462910049886276,0.337472140789032,0.157416462898254,0.163663417676994
"525","pupil",FALSE,"Homonymy","M1_b_M2_a","N",0.0714285714285714,0,0.0714285714285714,14,0.267261241912424,0.343187093734741,0.158673644065857,0.0714285714285714
"526","pupil",FALSE,"Homonymy","M1_b_M2_b","N",0.153846153846154,0,0.153846153846154,13,0.375533808099405,0.353193879127502,0.220721304416656,0.104154338520974
"527","pupil",TRUE,"Homonymy","M1_a_M1_b","N",3.69230769230769,4,0.307692307692307,13,0.85485041426511,0.116787791252136,0.0805709362030029,0.237092846268038
"528","pupil",TRUE,"Homonymy","M2_a_M2_b","N",2.33333333333333,3,0.666666666666667,15,1.67616341969505,0.115702033042908,0.176072359085083,0.432783534000067
"529","push",FALSE,"Polysemy","M1_a_M2_a","V",2.2,2,0.2,10,1.22927259430572,0.350416481494904,0.108542799949646,0.38873012632302
"530","push",FALSE,"Polysemy","M1_a_M2_b","V",1.07142857142857,1,0.0714285714285714,14,0.91687476825319,0.336109399795532,0.121903240680695,0.245045089241514
"531","push",FALSE,"Polysemy","M1_b_M2_a","V",0.846153846153846,1,0.153846153846154,13,0.554700196225229,0.363268315792084,0.127490758895874,0.153846153846154
"532","push",FALSE,"Polysemy","M1_b_M2_b","V",0.842105263157895,0,0.842105263157895,19,1.06787212586198,0.401321113109589,0.135493040084839,0.244986667434543
"533","push",TRUE,"Polysemy","M1_a_M1_b","V",3.85714285714286,4,0.142857142857143,14,0.363136519601281,0.217148780822754,0.0567619204521179,0.0970523172123939
"534","push",TRUE,"Polysemy","M2_a_M2_b","V",4,4,0,7,0,0.0947420001029968,0.0526882410049438,0
"535","racket",FALSE,"Homonymy","M1_a_M2_a","N",0.125,0,0.125,16,0.341565025531987,0.28628808259964,0.0884809494018555,0.0853912563829966
"536","racket",FALSE,"Homonymy","M1_a_M2_b","N",0.176470588235294,0,0.176470588235294,17,0.528594139870924,0.298933863639832,0.102135121822357,0.128202910104137
"537","racket",FALSE,"Homonymy","M1_b_M2_a","N",0.166666666666667,0,0.166666666666667,12,0.389249472080761,0.26213926076889,0.0627536773681641,0.112366643743874
"538","racket",FALSE,"Homonymy","M1_b_M2_b","N",0,0,0,7,0,0.295964241027832,0.0704750418663025,0
"539","racket",TRUE,"Homonymy","M1_a_M1_b","N",3.38461538461538,4,0.615384615384615,13,0.960768922830523,0.161369860172272,0.0497869849205017,0.266469355010597
"540","racket",TRUE,"Homonymy","M2_a_M2_b","N",3.66666666666667,4,0.333333333333333,12,0.492365963917331,0.0443944334983826,0.0166341066360474,0.14213381090374
"541","rock",FALSE,"Homonymy","M1_a_M2_a","N",0.666666666666667,0,0.666666666666667,12,1.23091490979333,0.28808069229126,0.106014251708984,0.355334527259351
"542","rock",FALSE,"Homonymy","M1_a_M2_b","N",0.181818181818182,0,0.181818181818182,11,0.404519917477945,0.303245484828949,0.11159336566925,0.121967344227261
"543","rock",FALSE,"Homonymy","M1_b_M2_a","N",0.357142857142857,0,0.357142857142857,14,1.08181776206978,0.328184485435486,0.106030166149139,0.289127958613689
"544","rock",FALSE,"Homonymy","M1_b_M2_b","N",0.166666666666667,0,0.166666666666667,18,0.514495755427527,0.344465851783752,0.114727795124054,0.121267812518167
"545","rock",TRUE,"Homonymy","M1_a_M1_b","N",3.72727272727273,4,0.272727272727273,11,0.467099366496914,0.0653566122055054,0.0528573393821716,0.140835758043906
"546","rock",TRUE,"Homonymy","M2_a_M2_b","N",4,4,0,11,0,0.0366755723953247,0.00986111164093018,0
"547","run",FALSE,"Polysemy","M1_a_M2_a","V",0.583333333333333,0,0.583333333333333,12,0.792961461098759,0.329861700534821,0.181533336639404,0.228908256511184
"548","run",FALSE,"Polysemy","M1_a_M2_b","V",0.625,0.5,0.125,8,0.744023809142845,0.332791328430176,0.209793984889984,0.263052140404576
"549","run",FALSE,"Polysemy","M1_b_M2_a","V",0.545454545454545,0,0.545454545454545,22,0.800432783369497,0.293900847434998,0.240969598293304,0.170652842808892
"550","run",FALSE,"Polysemy","M1_b_M2_b","V",0.625,0.5,0.125,8,0.744023809142845,0.306116044521332,0.21388304233551,0.263052140404576
"551","run",TRUE,"Polysemy","M1_a_M1_b","V",4,4,0,17,0,0.190988779067993,0.13622111082077,0
"552","run",TRUE,"Polysemy","M2_a_M2_b","V",4,4,0,10,0,0.0587863922119141,0.0860031843185425,0
"553","sage",FALSE,"Homonymy","M1_a_M2_a","N",0.333333333333333,0,0.333333333333333,12,0.492365963917331,0.329650938510895,0.115150928497314,0.14213381090374
"554","sage",FALSE,"Homonymy","M1_a_M2_b","N",0.666666666666667,0,0.666666666666667,15,1.17513930278601,0.336821138858795,0.0938364267349243,0.3034196632776
"555","sage",FALSE,"Homonymy","M1_b_M2_a","N",0.45,0,0.45,20,0.68633274115326,0.376201748847961,0.0721280574798584,0.153468666440246
"556","sage",FALSE,"Homonymy","M1_b_M2_b","N",0.818181818181818,0,0.818181818181818,11,1.25045446283996,0.394118070602417,0.083328902721405,0.37702620642414
"557","sage",TRUE,"Homonymy","M1_a_M1_b","N",3.23076923076923,4,0.769230769230769,13,1.30088727117598,0.123151421546936,0.0807502865791321,0.36080121229411
"558","sage",TRUE,"Homonymy","M2_a_M2_b","N",2.5,3,0.5,6,0.836660026534076,0.0411471724510193,0.045371413230896,0.341565025531987
"559","scale",FALSE,"Homonymy","M1_a_M2_a","N",0.133333333333333,0,0.133333333333333,15,0.351865775274498,0.177956938743591,0.0970801711082458,0.0908513525158996
"560","scale",FALSE,"Homonymy","M1_a_M2_b","N",0.428571428571429,0,0.428571428571429,7,0.786795792469443,0.385009109973907,0.134072303771973,0.29738085706659
"561","scale",FALSE,"Homonymy","M1_b_M2_a","N",0.222222222222222,0,0.222222222222222,18,0.73208449814096,0.278365969657898,0.0906445980072021,0.172553971012341
"562","scale",FALSE,"Homonymy","M1_b_M2_b","N",0.307692307692308,0,0.307692307692308,13,0.630425171956115,0.43614798784256,0.133900105953217,0.17484848329469
"563","scale",TRUE,"Homonymy","M1_a_M1_b","N",3.5,4,0.5,14,0.650443635587991,0.110029995441437,0.0437366366386414,0.173838373841279
"564","scale",TRUE,"Homonymy","M2_a_M2_b","N",2.5,3,0.5,10,1.71593835683117,0.334735691547394,0.117534041404724,0.542627353203324
"565","scene",FALSE,"Polysemy","M1_a_M2_a","N",2.61111111111111,3,0.388888888888889,18,1.14475216371923,0.314999282360077,0.075829029083252,0.269820672581281
"566","scene",FALSE,"Polysemy","M1_a_M2_b","N",2.33333333333333,2,0.333333333333333,9,1.3228756555323,0.218982517719269,0.0579966902732849,0.440958551844098
"567","scene",FALSE,"Polysemy","M1_b_M2_a","N",1.63636363636364,1,0.636363636363636,11,1.12006493318265,0.546362102031708,0.0572917461395264,0.337712284018304
"568","scene",FALSE,"Polysemy","M1_b_M2_b","N",2.09090909090909,2,0.0909090909090908,11,0.700649049745371,0.569117695093155,0.050116240978241,0.211253637065859
"569","scene",TRUE,"Polysemy","M1_a_M1_b","N",3.85714285714286,4,0.142857142857143,14,0.363136519601281,0.564268559217453,0.0833508968353271,0.0970523172123939
"570","scene",TRUE,"Polysemy","M2_a_M2_b","N",3.71428571428571,4,0.285714285714286,14,0.611249845502127,0.211040079593658,0.0569779872894287,0.163363392827676
"571","seal",FALSE,"Homonymy","M1_a_M2_a","N",0.2,0,0.2,10,0.421637021355784,0.121741473674774,0.0868090987205505,0.133333333333333
"572","seal",FALSE,"Homonymy","M1_a_M2_b","N",0.7,0,0.7,10,1.33749350984926,0.366402328014374,0.091768205165863,0.422952584681651
"573","seal",FALSE,"Homonymy","M1_b_M2_a","N",0.0909090909090909,0,0.0909090909090909,22,0.29424494316825,0.218169927597046,0.110564947128296,0.0627332326674867
"574","seal",FALSE,"Homonymy","M1_b_M2_b","N",0.8,0,0.8,10,1.22927259430572,0.192974328994751,0.0610767602920532,0.38873012632302
"575","seal",TRUE,"Homonymy","M1_a_M1_b","N",3.41176470588235,3,0.411764705882353,17,0.618346942400842,0.26236492395401,0.0949117541313171,0.149971162164494
"576","seal",TRUE,"Homonymy","M2_a_M2_b","N",3.625,4,0.375,8,1.06066017177982,0.280324876308441,0.0818365216255188,0.375
"577","serve",FALSE,"Polysemy","M1_a_M2_a","V",1.77777777777778,2,0.222222222222222,9,1.56347191994114,0.378617703914642,0.183701872825623,0.521157306647048
"578","serve",FALSE,"Polysemy","M1_a_M2_b","V",1,1,0,15,0.925820099772551,0.549064308404922,0.169079482555389,0.239045721866879
"579","serve",FALSE,"Polysemy","M1_b_M2_a","V",1.4375,1,0.4375,16,1.26326297077581,0.403398215770721,0.215635061264038,0.315815742693953
"580","serve",FALSE,"Polysemy","M1_b_M2_b","V",1.71428571428571,2,0.285714285714286,7,1.49602648308619,0.531154155731201,0.204917371273041,0.56544486128752
"581","serve",TRUE,"Polysemy","M1_a_M1_b","V",4,4,0,16,0,0.140318930149078,0.0556363463401794,0
"582","serve",TRUE,"Polysemy","M2_a_M2_b","V",2.92857142857143,3.5,0.571428571428572,14,1.26881445053645,0.342206716537476,0.0569540858268738,0.339104925806802
"583","sing",FALSE,"Polysemy","M1_a_M2_a","V",3.70588235294118,4,0.294117647058823,17,0.469668218313862,0.233257055282593,0.0706140398979187,0.113911274888453
"584","sing",FALSE,"Polysemy","M1_a_M2_b","V",2.91666666666667,3,0.0833333333333335,12,0.996204919895622,0.283290147781372,0.129253685474396,0.287579589334883
"585","sing",FALSE,"Polysemy","M1_b_M2_a","V",3.44444444444444,4,0.555555555555555,9,0.881917103688197,0.232686758041382,0.0812826156616211,0.293972367896066
"586","sing",FALSE,"Polysemy","M1_b_M2_b","V",2.875,3,0.125,16,1.1474609652039,0.171961605548859,0.138810694217682,0.286865241300975
"587","sing",TRUE,"Polysemy","M1_a_M1_b","V",4,4,0,14,0,0.205823957920074,0.064520537853241,0
"588","sing",TRUE,"Polysemy","M2_a_M2_b","V",3.77777777777778,4,0.222222222222222,9,0.440958551844098,0.18512237071991,0.0783071517944336,0.146986183948033
"589","spill",FALSE,"Polysemy","M1_a_M2_a","V",1.11111111111111,1,0.111111111111111,9,1.16666666666667,0.328452050685883,0.127788305282593,0.388888888888889
"590","spill",FALSE,"Polysemy","M1_a_M2_b","V",1.63157894736842,2,0.368421052631579,19,1.01162829777814,0.367769062519073,0.098430335521698,0.232083448338999
"591","spill",FALSE,"Polysemy","M1_b_M2_a","V",1.3125,1.5,0.1875,16,1.30224165704117,0.322751820087433,0.162538170814514,0.325560414260293
"592","spill",FALSE,"Polysemy","M1_b_M2_b","V",1.30769230769231,1,0.307692307692308,13,1.18213192894698,0.39546525478363,0.135237395763397,0.327864406475498
"593","spill",TRUE,"Polysemy","M1_a_M1_b","V",3.54545454545455,4,0.454545454545455,11,1.21355975243384,0.165787518024445,0.0891003608703613,0.365902032681784
"594","spill",TRUE,"Polysemy","M2_a_M2_b","V",3.88888888888889,4,0.111111111111111,9,0.333333333333333,0.100264668464661,0.0908650755882263,0.111111111111111
"595","stake",FALSE,"Polysemy","M1_a_M2_a","V",0.666666666666667,1,0.333333333333333,15,0.816496580927726,0.280885219573975,0.128690421581268,0.210818510677892
"596","stake",FALSE,"Polysemy","M1_a_M2_b","V",1.35714285714286,1.5,0.142857142857143,14,1.27744594087896,0.294953107833862,0.11752849817276,0.341411788635296
"597","stake",FALSE,"Polysemy","M1_b_M2_a","V",0.777777777777778,1,0.222222222222222,9,0.666666666666667,0.254777133464813,0.0998553037643433,0.222222222222222
"598","stake",FALSE,"Polysemy","M1_b_M2_b","V",0.733333333333333,0,0.733333333333333,15,0.883715101688537,0.311256229877472,0.0919950604438782,0.22817425810878
"599","stake",TRUE,"Polysemy","M1_a_M1_b","V",2.46153846153846,3,0.538461538461538,13,1.33012434352235,0.122850120067596,0.0681309700012207,0.368910117177902
"600","stake",TRUE,"Polysemy","M2_a_M2_b","V",2.18181818181818,2,0.181818181818182,11,1.16774841624228,0.191575288772583,0.0755058526992798,0.352089395109765
"601","stall",FALSE,"Polysemy","M1_a_M2_a","V",2.0625,2,0.0625,16,1.28937969582276,0.160481989383698,0.0797595977783203,0.322344923955691
"602","stall",FALSE,"Polysemy","M1_a_M2_b","V",0.9,1,0.1,10,0.875595035770913,0.231238067150116,0.0873335599899292,0.276887462097269
"603","stall",FALSE,"Polysemy","M1_b_M2_a","V",1.81818181818182,2,0.181818181818182,11,1.07871977994119,0.138819456100464,0.100320219993591,0.325246251272697
"604","stall",FALSE,"Polysemy","M1_b_M2_b","V",0.846153846153846,1,0.153846153846154,13,1.06818801763811,0.183550536632538,0.112087368965149,0.29626205149465
"605","stall",TRUE,"Polysemy","M1_a_M1_b","V",3.2,4,0.8,10,1.3984117975602,0.0684288144111633,0.0324692726135254,0.442216638714053
"606","stall",TRUE,"Polysemy","M2_a_M2_b","V",3.17647058823529,4,0.823529411764706,17,1.55061657565817,0.178040325641632,0.0571514368057251,0.376079760368954
"607","stay",FALSE,"Polysemy","M1_a_M2_a","V",2.42857142857143,2,0.428571428571428,14,1.08940955880384,0.298734605312347,0.206627786159515,0.291156951637182
"608","stay",FALSE,"Polysemy","M1_a_M2_b","V",2.06666666666667,2,0.0666666666666669,15,1.22279928657082,0.343555748462677,0.149693429470062,0.315725418176205
"609","stay",FALSE,"Polysemy","M1_b_M2_a","V",2.92307692307692,3,0.0769230769230771,13,0.862316498502576,0.26515781879425,0.193538725376129,0.239163565463816
"610","stay",FALSE,"Polysemy","M1_b_M2_b","V",2,2,0,12,1.59544807043493,0.338838517665863,0.131733357906342,0.460566186471838
"611","stay",TRUE,"Polysemy","M1_a_M1_b","V",3.85714285714286,4,0.142857142857143,14,0.363136519601281,0.0803252458572388,0.0490733981132507,0.0970523172123939
"612","stay",TRUE,"Polysemy","M2_a_M2_b","V",3.55555555555556,4,0.444444444444445,9,0.726483157256779,0.248371005058289,0.0813632011413574,0.242161052418926
"613","tap",FALSE,"Homonymy","M1_a_M2_a","V",1.25,0.5,0.75,12,1.60255477852765,0.0649293065071106,0.0598417520523071,0.462617716387031
"614","tap",FALSE,"Homonymy","M1_a_M2_b","V",1.3125,1,0.3125,16,1.40089257261219,0.108148276805878,0.119889259338379,0.350223143153047
"615","tap",FALSE,"Homonymy","M1_b_M2_a","V",1.42105263157895,1,0.421052631578947,19,1.1697953037312,0.134595155715942,0.0768782496452332,0.268369448083831
"616","tap",FALSE,"Homonymy","M1_b_M2_b","V",1.71428571428571,1,0.714285714285714,7,1.70433620649269,0.151840269565582,0.124992728233337,0.644178536117556
"617","tap",TRUE,"Homonymy","M1_a_M1_b","V",2.5,3,0.5,16,1.54919333848297,0.0972692370414734,0.0467938780784607,0.387298334620742
"618","tap",TRUE,"Homonymy","M2_a_M2_b","V",3,3,0,7,1,0.0971631407737732,0.124092578887939,0.377964473009227
"619","tape",FALSE,"Polysemy","M1_a_M2_a","N",0.4,0,0.4,15,0.632455532033676,0.198552668094635,0.0668278336524963,0.163299316185545
"620","tape",FALSE,"Polysemy","M1_a_M2_b","N",1.09090909090909,0,1.09090909090909,11,1.44599761096244,0.173618793487549,0.050383448600769,0.43598468393752
"621","tape",FALSE,"Polysemy","M1_b_M2_a","N",0.533333333333333,0,0.533333333333333,15,1.06009882737862,0.48545628786087,0.132503986358643,0.273716340251427
"622","tape",FALSE,"Polysemy","M1_b_M2_b","N",0.571428571428571,0,0.571428571428571,14,0.937614461876991,0.510699838399887,0.0927495360374451,0.250588005516294
"623","tape",TRUE,"Polysemy","M1_a_M1_b","N",4,4,0,13,0,0.505158364772797,0.0882227420806885,0
"624","tape",TRUE,"Polysemy","M2_a_M2_b","N",3.44444444444444,4,0.555555555555555,9,0.881917103688197,0.0634711980819702,0.0396547317504883,0.293972367896066
"625","term",FALSE,"Polysemy","M1_a_M2_a","N",0.8,1,0.2,15,1.08232553856433,0.377250015735626,0.0965749025344849,0.279455252402309
"626","term",FALSE,"Polysemy","M1_a_M2_b","N",1.2,1,0.2,15,1.20712172424443,0.417370080947876,0.0870957970619202,0.311677488989592
"627","term",FALSE,"Polysemy","M1_b_M2_a","N",0.882352941176471,0,0.882352941176471,17,1.26897364734145,0.250682890415192,0.109428346157074,0.307771316712593
"628","term",FALSE,"Polysemy","M1_b_M2_b","N",0.545454545454545,0,0.545454545454545,11,0.934198732993827,0.273746848106384,0.0980525612831116,0.281671516087812
"629","term",TRUE,"Polysemy","M1_a_M1_b","N",3.91666666666667,4,0.0833333333333335,12,0.288675134594813,0.172729551792145,0.0776118636131287,0.0833333333333333
"630","term",TRUE,"Polysemy","M2_a_M2_b","N",3.42857142857143,4,0.571428571428572,7,0.786795792469443,0.0862905383110046,0.052590012550354,0.29738085706659
"631","tick",FALSE,"Homonymy","M1_a_M2_a","N",0.125,0,0.125,16,0.341565025531987,0.401510119438171,0.182157278060913,0.0853912563829966
"632","tick",FALSE,"Homonymy","M1_a_M2_b","N",0.166666666666667,0,0.166666666666667,12,0.389249472080761,0.419999659061432,0.182493090629578,0.112366643743874
"633","tick",FALSE,"Homonymy","M1_b_M2_a","N",0.555555555555556,0,0.555555555555556,9,1.13038833052088,0.3675337433815,0.118630707263947,0.376796110173626
"634","tick",FALSE,"Homonymy","M1_b_M2_b","N",0,0,0,10,0,0.400648236274719,0.146961331367493,0
"635","tick",TRUE,"Homonymy","M1_a_M1_b","N",2.55555555555556,2.5,0.0555555555555554,18,1.24721912892465,0.227330803871155,0.133767306804657,0.293972367896066
"636","tick",TRUE,"Homonymy","M2_a_M2_b","N",3.75,4,0.25,12,0.452267016866645,0.0648088455200195,0.04008948802948,0.130558241966773
"637","tip",FALSE,"Homonymy","M1_a_M2_a","N",0.125,0,0.125,8,0.353553390593274,0.387852728366852,0.0793690085411072,0.125
"638","tip",FALSE,"Homonymy","M1_a_M2_b","N",0.1,0,0.1,10,0.316227766016838,0.304480195045471,0.0914434194564819,0.1
"639","tip",FALSE,"Homonymy","M1_b_M2_a","N",0.666666666666667,0,0.666666666666667,9,0.866025403784439,0.293498873710632,0.0775529146194458,0.288675134594813
"640","tip",FALSE,"Homonymy","M1_b_M2_b","N",0.294117647058824,0,0.294117647058824,17,0.587867532097255,0.24323970079422,0.091838002204895,0.142578819335774
"641","tip",TRUE,"Homonymy","M1_a_M1_b","N",3.93333333333333,4,0.0666666666666669,15,0.258198889747161,0.260650515556335,0.0300672650337219,0.0666666666666667
"642","tip",TRUE,"Homonymy","M2_a_M2_b","N",2.55555555555556,3,0.444444444444445,18,1.4234267774809,0.144928872585297,0.0437963604927063,0.335504908959754
"643","title",FALSE,"Polysemy","M1_a_M2_a","N",1.57142857142857,1,0.571428571428571,14,1.69679724160575,0.239683568477631,0.0549300909042358,0.453488138065128
"644","title",FALSE,"Polysemy","M1_a_M2_b","N",1.8125,2,0.1875,16,1.32759180473518,0.341364085674286,0.112736284732819,0.331897951183794
"645","title",FALSE,"Polysemy","M1_b_M2_a","N",3.14285714285714,3,0.142857142857143,7,1.0690449676497,0.325790405273438,0.0676009654998779,0.404061017820884
"646","title",FALSE,"Polysemy","M1_b_M2_b","N",2.07692307692308,2,0.0769230769230771,13,1.25575597825496,0.391970217227936,0.11918044090271,0.348284043774516
"647","title",TRUE,"Polysemy","M1_a_M1_b","N",4,4,0,17,0,0.129740178585052,0.0193772315979004,0
"648","title",TRUE,"Polysemy","M2_a_M2_b","N",3.8,4,0.2,10,0.421637021355784,0.0934005379676819,0.0639426708221436,0.133333333333333
"649","toast",FALSE,"Homonymy","M1_a_M2_a","V",0.166666666666667,0,0.166666666666667,12,0.389249472080761,0.222294986248016,0.130103528499603,0.112366643743874
"650","toast",FALSE,"Homonymy","M1_a_M2_b","V",0.285714285714286,0,0.285714285714286,14,0.468807230938495,0.241852402687073,0.182386577129364,0.125294002758147
"651","toast",FALSE,"Homonymy","M1_b_M2_a","V",0.461538461538462,0,0.461538461538462,13,1.12660142429822,0.140097975730896,0.132887423038483,0.312463015562922
"652","toast",FALSE,"Homonymy","M1_b_M2_b","V",0.1,0,0.1,10,0.316227766016838,0.180000245571136,0.165035545825958,0.1
"653","toast",TRUE,"Homonymy","M1_a_M1_b","V",3.58333333333333,4,0.416666666666667,12,1.16450015288132,0.0953312516212463,0.0677922368049622,0.336162238368694
"654","toast",TRUE,"Homonymy","M2_a_M2_b","V",3.5625,4,0.4375,16,1.20933866224478,0.107216835021973,0.0954771637916565,0.302334665561196
"655","toll",FALSE,"Homonymy","M1_a_M2_a","N",1.77777777777778,1,0.777777777777778,9,1.39443337755679,0.287602782249451,0.0641571879386902,0.464811125852264
"656","toll",FALSE,"Homonymy","M1_a_M2_b","N",0.857142857142857,0,0.857142857142857,14,1.23145585242976,0.376441180706024,0.10663515329361,0.329120420480702
"657","toll",FALSE,"Homonymy","M1_b_M2_a","N",0.357142857142857,0,0.357142857142857,14,0.497245158098847,0.309844851493835,0.0929088592529297,0.132894358488438
"658","toll",FALSE,"Homonymy","M1_b_M2_b","N",0.636363636363636,0,0.636363636363636,11,0.80903983495589,0.347767412662506,0.0772176384925842,0.243934688454523
"659","toll",TRUE,"Homonymy","M1_a_M1_b","N",2.26666666666667,2,0.266666666666667,15,1.43759057685652,0.204722881317139,0.096662700176239,0.371184290855335
"660","toll",TRUE,"Homonymy","M2_a_M2_b","N",2.35714285714286,2.5,0.142857142857143,14,1.5984195491,0.2162064909935,0.0699923038482666,0.427195593789564
"661","track",FALSE,"Polysemy","M1_a_M2_a","N",2.07692307692308,2,0.0769230769230771,13,1.03774904332554,0.211046397686005,0.0543829202651978,0.287819798982611
"662","track",FALSE,"Polysemy","M1_a_M2_b","N",2.75,3,0.25,12,1.13818036595899,0.286395967006683,0.0373468399047852,0.328564370336385
"663","track",FALSE,"Polysemy","M1_b_M2_a","N",1.66666666666667,2,0.333333333333333,12,1.23091490979333,0.14831268787384,0.047146737575531,0.355334527259351
"664","track",FALSE,"Polysemy","M1_b_M2_b","N",2.38461538461538,2,0.384615384615385,13,1.60926802918084,0.212822377681732,0.0340264439582825,0.4463306457828
"665","track",TRUE,"Polysemy","M1_a_M1_b","N",3.33333333333333,4,0.666666666666667,18,1.2833778958395,0.0591335892677307,0.0115851163864136,0.30249507099101
"666","track",TRUE,"Polysemy","M2_a_M2_b","N",3.77777777777778,4,0.222222222222222,9,0.440958551844098,0.0915312767028809,0.0227116942405701,0.146986183948033
"667","yard",FALSE,"Homonymy","M1_a_M2_a","N",0.75,0.5,0.25,12,0.866025403784439,0.315510988235474,0.11878490447998,0.25
"668","yard",FALSE,"Homonymy","M1_a_M2_b","N",0.555555555555556,0,0.555555555555556,18,0.783823376129674,0.391850471496582,0.160174071788788,0.184748941504609
"669","yard",FALSE,"Homonymy","M1_b_M2_a","N",1.2,1,0.2,15,1.26491106406735,0.311127781867981,0.10700124502182,0.32659863237109
"670","yard",FALSE,"Homonymy","M1_b_M2_b","N",0.416666666666667,0,0.416666666666667,12,0.90033663737852,0.387729406356812,0.144338369369507,0.259904799975886
"671","yard",TRUE,"Homonymy","M1_a_M1_b","N",4,4,0,7,0,0.00985819101333618,0.00589114427566528,0
"672","yard",TRUE,"Homonymy","M2_a_M2_b","N",3.23076923076923,4,0.769230769230769,13,1.48064435037847,0.162642955780029,0.0647339820861816,0.410656855847358
